,contestID,problemID,problemRating
0,1080,A,731
1,1080,B,972
2,1080,C,1564
3,1080,D,2024
4,1080,E,2360
5,1080,F,2606
0,1061,A,702
1,1061,B,1507
2,1061,C,1768
3,1061,D,2041
4,1061,E,2868
5,1061,F,2496
0,1077,A,734
1,1077,B,1103
2,1077,C,1456
3,1077,D,1706
4,1077,E,1863
5,1077,F1,2040
6,1077,F2,2245
0,1062,A,1464
1,1062,B,1587
2,1062,C,1585
3,1062,D,1810
4,1062,E,2295
5,1062,F,3098
0,1055,A,1091
1,1055,B,1397
2,1055,C,1911
3,1055,D,2375
4,1055,E,2458
5,1055,F,2874
6,1055,G,3659
0,1044,A,2103
1,1044,B,2395
2,1044,C,2177
3,1044,D,2395
4,1044,E,3117
5,1044,F,2829
0,1074,A,1683
1,1074,B,1811
2,1074,C,2045
3,1074,D,2320
4,1074,E,3087
5,1074,F,2691
0,1075,A,998
1,1075,B,1246
2,1075,C,1724
3,1075,D,1970
4,1075,E,2251
5,1075,F,2586
0,1043,A,783
1,1043,B,1343
2,1043,C,1488
3,1043,D,1738
4,1043,E,1946
5,1043,F,2484
6,1043,G,5000
0,1067,A,1879
1,1067,B,1970
2,1067,C,2593
3,1067,D,3183
4,1067,E,2810
0,1068,A,1456
1,1068,B,1287
2,1068,C,1714
3,1068,D,2137
4,1068,E,2136
5,1068,F,2981
0,1031,A,925
1,1031,B,1812
2,1031,C,1838
3,1031,D,2324
4,1031,E,2875
5,1031,F,2875
0,1071,A,1834
1,1071,B,1938
2,1071,C,2656
3,1071,D,2832
4,1071,E,3553
0,1072,A,735
1,1072,B,1528
2,1072,C,1672
3,1072,D,2079
4,1072,E,2962
5,1072,F,5000
0,1054,A,838
1,1054,B,1165
2,1054,C,1516
3,1054,D,1936
4,1054,E,2442
5,1054,F,2705
6,1054,G,3181
7,1054,H,5000
0,1063,A,1430
1,1063,B,1905
2,1063,C,1922
3,1063,D,2754
4,1063,E,3001
5,1063,F,3336
0,1064,A,667
1,1064,B,1178
2,1064,C,1345
3,1064,D,1902
4,1064,E,2013
5,1064,F,5000
0,1066,A,1114
1,1066,B,1564
2,1066,C,1469
3,1066,D,1751
4,1066,E,1723
5,1066,F,2324
0,1033,A,1098
1,1033,B,1212
2,1033,C,1549
3,1033,D,2128
4,1033,E,2728
5,1033,F,2791
6,1033,G,3480
0,1059,A,1083
1,1059,B,1367
2,1059,C,1550
3,1059,D,2151
4,1059,E,2357
0,1060,A,916
1,1060,B,1266
2,1060,C,1586
3,1060,D,1804
4,1060,E,1944
5,1060,F,2890
6,1060,G,5000
7,1060,H,3109
0,1030,A,889
1,1030,B,1420
2,1030,C,1634
3,1030,D,1932
4,1030,E,2286
5,1030,F,2788
6,1030,G,5000
0,1053,A,1670
1,1053,B,1918
2,1053,C,2407
3,1053,D,2855
4,1053,E,3505
0,1058,A,540
1,1058,B,1110
2,1058,C,1378
3,1058,D,1743
4,1058,E,2170
5,1058,F,2807
6,1058,G,5000
0,1034,A,1929
1,1034,B,2117
2,1034,C,2710
3,1034,D,3567
4,1034,E,3354
0,1047,A,902
1,1047,B,983
2,1047,C,1830
3,1047,D,2112
4,1047,E,5000
0,1042,A,1253
1,1042,B,1242
2,1042,C,1684
3,1042,D,1763
4,1042,E,2243
5,1042,F,2385
0,1041,A,804
1,1041,B,1131
2,1041,C,1546
3,1041,D,1660
4,1041,E,1922
5,1041,F,2442
0,1038,A,847
1,1038,B,1103
2,1038,C,1311
3,1038,D,1724
4,1038,E,2320
5,1038,F,2877
0,1039,A,2159
1,1039,B,2064
2,1039,C,2132
3,1039,D,2706
4,1039,E,5000
0,1040,A,1106
1,1040,B,1342
2,1040,C,2424
3,1040,D,2126
4,1040,E,2393
0,1037,A,1272
1,1037,B,1291
2,1037,C,1309
3,1037,D,1671
4,1037,E,2136
5,1037,F,2420
6,1037,G,3262
7,1037,H,3185
0,1028,A,976
1,1028,B,1295
2,1028,C,1741
3,1028,D,2090
4,1028,E,2389
5,1028,F,2836
6,1028,G,2950
7,1028,H,2939
0,1029,A,1332
1,1029,B,1285
2,1029,C,1654
3,1029,D,2162
4,1029,E,2227
5,1029,F,2131
0,1025,A,995
1,1025,B,1770
2,1025,C,1668
3,1025,D,2135
4,1025,E,2740
5,1025,F,2751
6,1025,G,3534
0,1023,A,1513
1,1023,B,1211
2,1023,C,1304
3,1023,D,1781
4,1023,E,2139
5,1023,F,2675
6,1023,G,5000
0,951,A,1949
1,951,B,2552
2,951,C,2066
3,951,D,2462
4,951,E,2770
5,951,F,5000
6,951,G,5000
0,1019,A,1714
1,1019,B,2034
2,1019,C,3144
3,1019,D,2720
4,1019,E,3405
0,1020,A,1129
1,1020,B,1080
2,1020,C,1828
3,1020,D,2252
4,1020,E,5000
0,1015,A,749
1,1015,B,1320
2,1015,C,1178
3,1015,D,1646
4,1015,E1,1742
5,1015,E2,1950
6,1015,F,2548
0,1012,A,1302
1,1012,B,1874
2,1012,C,1890
3,1012,D,2890
4,1012,E,3083
5,1012,F,5000
0,1013,A,861
1,1013,B,1362
2,1013,C,1489
3,1013,D,1978
4,1013,E,2034
5,1013,F,5000
0,1010,A,1899
1,1010,B,1827
2,1010,C,1907
3,1010,D,1983
4,1010,E,2745
5,1010,F,5000
0,1011,A,1123
1,1011,B,1262
2,1011,C,1594
3,1011,D,1819
4,1011,E,1937
5,1011,F,2214
0,1006,A,716
1,1006,B,1269
2,1006,C,1289
3,1006,D,1676
4,1006,E,1660
5,1006,F,2246
0,1007,A,1206
1,1007,B,2413
2,1007,C,3078
3,1007,D,3329
4,1007,E,5000
0,1008,A,1015
1,1008,B,1138
2,1008,C,1300
3,1008,D,2518
4,1008,E,5000
0,1005,A,723
1,1005,B,1019
2,1005,C,1407
3,1005,D,1572
4,1005,E1,1864
5,1005,E2,2528
6,1005,F,2318
0,1004,A,950
1,1004,B,1324
2,1004,C,1374
3,1004,D,2277
4,1004,E,2434
5,1004,F,2954
0,1003,A,703
1,1003,B,1342
2,1003,C,1346
3,1003,D,1659
4,1003,E,2232
5,1003,F,2439
0,997,A,1572
1,997,B,2019
2,997,C,2520
3,997,D,2932
4,997,E,3417
0,998,A,1092
1,998,B,1251
2,998,C,1531
3,998,D,1939
4,998,E,2706
0,995,A,2148
1,995,B,1524
2,995,C,2315
3,995,D,2503
4,995,E,2720
5,995,F,2753
0,996,A,616
1,996,B,1413
2,996,C,2153
3,996,D,1436
4,996,E,2216
5,996,F,2423
0,991,A,1114
1,991,B,1111
2,991,C,1537
3,991,D,1569
4,991,E,1842
5,991,F,3101
0,999,A,811
1,999,B,1012
2,999,C,1233
3,999,D,1968
4,999,E,1875
5,999,F,2179
0,992,A,929
1,992,B,1687
2,992,C,1695
3,992,D,2126
4,992,E,2626
0,993,A,1825
1,993,B,1972
2,993,C,2193
3,993,D,2485
4,993,E,2290
5,993,F,3403
0,994,A,729
1,994,B,1525
2,994,C,1736
3,994,D,1981
4,994,E,2293
5,994,F,2777
0,989,A,1079
1,989,B,1464
2,989,C,1783
3,989,D,2444
4,989,E,5000
0,988,A,865
1,988,B,1216
2,988,C,1502
3,988,D,1831
4,988,E,2101
5,988,F,2301
0,986,A,1485
1,986,B,1822
2,986,C,2506
3,986,D,3165
4,986,E,2887
5,986,F,3319
0,987,A,756
1,987,B,1274
2,987,C,1447
3,987,D,1809
4,987,E,1851
5,987,F,2628
0,981,A,992
1,981,B,1118
2,981,C,1429
3,981,D,1914
4,981,E,2175
5,981,F,2558
6,981,G,2513
7,981,H,3284
0,982,A,1310
1,982,B,1342
2,982,C,1551
3,982,D,1974
4,982,E,2620
5,982,F,2890
0,983,A,1754
1,983,B,1802
2,983,C,2348
3,983,D,3589
4,983,E,2762
0,984,A,746
1,984,B,1180
2,984,C,1747
3,984,D,1901
4,984,E,2605
0,979,A,1153
1,979,B,1892
2,979,C,1657
3,979,D,2251
4,979,E,2781
0,978,A,845
1,978,B,852
2,978,C,1159
3,978,D,1568
4,978,E,1476
5,978,F,1561
6,978,G,1803
0,980,A,972
1,980,B,1567
2,980,C,1696
3,980,D,2341
4,980,E,2361
5,980,F,5000
0,977,A,534
1,977,B,1014
2,977,C,1279
3,977,D,1445
4,977,E,1601
5,977,F,1793
0,975,A,978
1,975,B,1191
2,975,C,1394
3,975,D,1994
4,975,E,2834
0,925,A,1590
1,925,B,1555
2,925,C,1957
3,925,D,2409
4,925,E,3239
5,925,F,3239
0,966,A,1715
1,966,B,1750
2,966,C,2111
3,966,D,2619
4,966,E,3037
5,966,F,5000
0,967,A,1350
1,967,B,1130
2,967,C,1717
3,967,D,1877
4,967,E,2316
5,967,F,2803
0,965,A,912
1,965,B,1434
2,965,C,2065
3,965,D,1913
4,965,E,2527
0,963,A,1815
1,963,B,1966
2,963,C,2574
3,963,D,2510
4,963,E,3233
0,964,A,881
1,964,B,1350
2,964,C,1902
3,964,D,2123
4,964,E,2690
0,960,A,1312
1,960,B,1443
2,960,C,1725
3,960,D,2083
4,960,E,2308
5,960,F,2033
6,960,G,2922
7,960,H,3123
0,959,A,573
1,959,B,1266
2,959,C,1519
3,959,D,1964
4,959,E,1828
5,959,F,2552
0,924,A,1201
1,924,B,1350
2,924,C,1493
3,924,D,2360
4,924,E,2542
5,924,F,3223
0,956,A,1412
1,956,B,1694
2,956,C,1764
3,956,D,2419
4,956,E,2679
5,956,F,5000
0,957,A,1384
1,957,B,1421
2,957,C,1597
3,957,D,1864
4,957,E,2615
0,955,A,1154
1,955,B,1423
2,955,C,2093
3,955,D,2925
4,955,E,2925
5,955,F,2804
0,923,A,1619
1,923,B,1498
2,923,C,1757
3,923,D,2405
4,923,E,5000
5,923,F,5000
0,947,A,1589
1,947,B,1471
2,947,C,1699
3,947,D,2587
4,947,E,3474
5,947,F,5000
0,948,A,1159
1,948,B,1750
2,948,C,1625
3,948,D,1953
4,948,E,2709
0,949,A,1550
1,949,B,1693
2,949,C,2002
3,949,D,2321
4,949,E,2728
5,949,F,5000
0,950,A,957
1,950,B,1176
2,950,C,1634
3,950,D,1782
4,950,E,2171
5,950,F,2488
0,930,A,1263
1,930,B,1605
2,930,C,1899
3,930,D,2528
4,930,E,2926
0,931,A,695
1,931,B,1317
2,931,C,1717
3,931,D,1555
4,931,E,2038
5,931,F,2304
0,944,A,1306
1,944,B,1557
2,944,C,1306
3,944,D,1684
4,944,E,1965
5,944,F,2789
6,944,G,2789
0,936,A,1676
1,936,B,2197
2,936,C,2249
3,936,D,2991
4,936,E,3579
0,940,A,1301
1,940,B,1445
2,940,C,1509
3,940,D,1645
4,940,E,1999
5,940,F,2825
0,935,A,590
1,935,B,964
2,935,C,1669
3,935,D,1921
4,935,E,2410
5,935,F,5000
0,939,A,859
1,939,B,1181
2,939,C,1595
3,939,D,1591
4,939,E,1903
5,939,F,2570
0,932,A,824
1,932,B,1295
2,932,C,1566
3,932,D,2188
4,932,E,2337
5,932,F,2706
6,932,G,3085
0,933,A,1800
1,933,B,1937
2,933,C,2717
3,933,D,2917
4,933,E,3237
0,934,A,1504
1,934,B,1239
2,934,C,1860
3,934,D,2070
4,934,E,2599
0,922,A,1454
1,922,B,1308
2,922,C,1636
3,922,D,1836
4,922,E,2290
5,922,F,2841
0,919,A,901
1,919,B,1155
2,919,C,1411
3,919,D,1772
4,919,E,2153
5,919,F,2707
0,917,A,1824
1,917,B,1653
2,917,C,2907
3,917,D,2629
4,917,E,5000
0,918,A,946
1,918,B,1038
2,918,C,1950
3,918,D,1934
4,918,E,5000
0,914,A,1144
1,914,B,1359
2,914,C,1996
3,914,D,1954
4,914,E,2492
5,914,F,2987
6,914,G,2583
7,914,H,3577
0,913,A,1021
1,913,B,1350
2,913,C,1693
3,913,D,1829
4,913,E,2451
5,913,F,2849
6,913,G,3119
7,913,H,5000
0,912,A,940
1,912,B,1448
2,912,C,2554
3,912,D,2092
4,912,E,2554
0,908,A,754
1,908,B,1359
2,908,C,1598
3,908,D,2219
4,908,E,2485
5,908,F,2382
6,908,G,2807
7,908,H,3159
0,909,A,1118
1,909,B,1329
2,909,C,1847
3,909,D,2115
4,909,E,2137
5,909,F,2649
0,904,A,1480
1,904,B,1474
2,904,C,1651
3,904,D,2516
4,904,E,2587
5,904,F,5000
0,906,A,1527
1,906,B,2192
2,906,C,2387
3,906,D,2707
4,906,E,3402
0,907,A,1439
1,907,B,1418
2,907,C,1640
3,907,D,2473
4,907,E,2463
5,907,F,2697
0,901,A,1620
1,901,B,2186
2,901,C,2283
3,901,D,2749
4,901,E,5000
0,902,A,1236
1,902,B,1317
2,902,C,1574
3,902,D,2172
4,902,E,2633
0,899,A,955
1,899,B,1453
2,899,C,1322
3,899,D,1816
4,899,E,2104
5,899,F,2234
0,898,A,845
1,898,B,1379
2,898,C,1482
3,898,D,1729
4,898,E,1695
5,898,F,2542
0,900,A,968
1,900,B,1424
2,900,C,1772
3,900,D,2109
4,900,E,2298
0,896,A,1670
1,896,B,1992
2,896,C,2680
3,896,D,2909
4,896,E,3301
0,897,A,707
1,897,B,1350
2,897,C,1797
3,897,D,2141
4,897,E,5000
0,895,A,1361
1,895,B,1761
2,895,C,2068
3,895,D,2353
4,895,E,2591
0,894,A,907
1,894,B,1842
2,894,C,1923
3,894,D,2306
4,894,E,2440
0,891,A,1774
1,891,B,2034
2,891,C,2328
3,891,D,3149
4,891,E,2924
0,892,A,1029
1,892,B,1357
2,892,C,1682
3,892,D,2045
4,892,E,2552
0,878,A,1461
1,878,B,2322
2,878,C,2700
3,878,D,2916
4,878,E,3456
0,879,A,1118
1,879,B,1455
2,879,C,1703
3,879,D,2537
4,879,E,2997
0,877,A,1314
1,877,B,1579
2,877,C,1631
3,877,D,2159
4,877,E,1998
5,877,F,2558
0,875,A,1100
1,875,B,1501
2,875,C,2174
3,875,D,2133
4,875,E,2610
5,875,F,2452
0,876,A,1088
1,876,B,1336
2,876,C,1263
3,876,D,1521
4,876,E,2204
5,876,F,2213
0,870,A,1322
1,870,B,1593
2,870,C,1627
3,870,D,2356
4,870,E,5000
5,870,F,5000
0,871,A,1004
1,871,B,2074
2,871,C,2233
3,871,D,2679
4,871,E,3078
0,872,A,1060
1,872,B,1349
2,872,C,1391
3,872,D,2192
4,872,E,2427
0,869,A,1360
1,869,B,1266
2,869,C,1781
3,869,D,2984
4,869,E,2339
0,868,A,1106
1,868,B,1590
2,868,C,1646
3,868,D,2211
4,868,E,2718
5,868,F,2554
6,868,G,5000
0,865,A,1799
1,865,B,1966
2,865,C,2209
3,865,D,2270
4,865,E,5000
5,865,F,5000
6,865,G,5000
0,866,A,1381
1,866,B,2039
2,866,C,2427
3,866,D,2354
4,866,E,3454
5,866,F,3454
6,866,G,3596
0,867,A,600
1,867,B,1406
2,867,C,1916
3,867,D,2647
4,867,E,2280
5,867,F,5000
0,864,A,1154
1,864,B,1142
2,864,C,1522
3,864,D,1559
4,864,E,2010
5,864,F,2765
0,855,A,781
1,855,B,1591
2,855,C,2055
3,855,D,2504
4,855,E,2270
5,855,F,3048
6,855,G,3310
0,862,A,1125
1,862,B,1406
2,862,C,1953
3,862,D,2057
4,862,E,2200
5,862,F,2980
0,859,A,809
1,859,B,1085
2,859,C,1533
3,859,D,2130
4,859,E,2086
5,859,F,2886
6,859,G,3041
0,853,A,1389
1,853,B,1948
2,853,C,2068
3,853,D,2516
4,853,E,5000
0,854,A,919
1,854,B,1249
2,854,C,1533
3,854,D,1993
4,854,E,2429
0,850,A,1759
1,850,B,2224
2,850,C,2224
3,850,D,2801
4,850,E,2789
5,850,F,2937
0,851,A,913
1,851,B,1516
2,851,C,1704
3,851,D,2219
4,851,E,2502
0,848,A,1455
1,848,B,1943
2,848,C,2571
3,848,D,3000
4,848,E,5000
0,849,A,1197
1,849,B,1683
2,849,C,1579
3,849,D,2248
4,849,E,2798
0,842,A,1401
1,842,B,1169
2,842,C,1992
3,842,D,2086
4,842,E,2829
0,843,A,1290
1,843,B,2127
2,843,C,2684
3,843,D,3521
4,843,E,3124
0,844,A,1067
1,844,B,1411
2,844,C,1457
3,844,D,2146
4,844,E,2837
0,841,A,1007
1,841,B,1310
2,841,C,1356
3,841,D,2144
4,841,E,2767
0,839,A,1096
1,839,B,2040
2,839,C,1531
3,839,D,2163
4,839,E,2612
0,835,A,652
1,835,B,1189
2,835,C,1590
3,835,D,1956
4,835,E,2460
5,835,F,2484
0,833,A,1900
1,833,B,2192
2,833,C,2770
3,833,D,2927
4,833,E,5000
0,834,A,1132
1,834,B,1241
2,834,C,1801
3,834,D,2327
4,834,E,5000
0,832,A,894
1,832,B,1785
2,832,C,2673
3,832,D,1960
4,832,E,2650
0,830,A,1908
1,830,B,1597
2,830,C,2423
3,830,D,2805
4,830,E,3458
0,831,A,1269
1,831,B,898
2,831,C,1735
3,831,D,1978
4,831,E,2038
5,831,F,2977
0,827,A,1878
1,827,B,1795
2,827,C,2064
3,827,D,2742
4,827,E,2677
5,827,F,3402
0,828,A,1417
1,828,B,1478
2,828,C,1851
3,828,D,1843
4,828,E,2305
5,828,F,2951
0,823,A,0
1,823,B,1794
2,823,C,2191
3,823,D,2740
4,823,E,2740
5,823,F,3027
6,823,G,5000
0,822,A,857
1,822,B,1278
2,822,C,1809
3,822,D,1885
4,822,E,2718
5,822,F,2679
0,815,A,1913
1,815,B,2203
2,815,C,2386
3,815,D,2788
4,815,E,2965
0,816,A,1246
1,816,B,1437
2,816,C,1767
3,816,D,2329
4,816,E,2552
0,814,A,1121
1,814,B,1559
2,814,C,1655
3,814,D,1989
4,814,E,2783
0,812,A,1363
1,812,B,1653
2,812,C,1538
3,812,D,2653
4,812,E,2269
0,811,A,952
1,811,B,1440
2,811,C,1899
3,811,D,2039
4,811,E,2482
0,809,A,1452
1,809,B,2323
2,809,C,2598
3,809,D,2854
4,809,E,3537
0,810,A,1107
1,810,B,1421
2,810,C,1576
3,810,D,2338
4,810,E,2915
0,794,A,851
1,794,B,1271
2,794,C,1799
3,794,D,2477
4,794,E,2741
5,794,F,2770
6,794,G,5000
0,799,A,1230
1,799,B,1409
2,799,C,1786
3,799,D,2126
4,799,E,2579
5,799,F,3347
6,799,G,3642
0,773,A,1668
1,773,B,1876
2,773,C,2109
3,773,D,2627
4,773,E,2955
5,773,F,5000
0,806,A,1710
1,806,B,2062
2,806,C,2206
3,806,D,2665
4,806,E,3009
5,806,F,5000
0,807,A,992
1,807,B,1374
2,807,C,1721
3,807,D,2175
4,807,E,2379
5,807,F,5000
0,804,A,1223
1,804,B,1430
2,804,C,2190
3,804,D,2457
4,804,E,2922
5,804,F,5000
0,805,A,1136
1,805,B,1036
2,805,C,1097
3,805,D,1454
4,805,E,2466
5,805,F,2748
0,793,A,1051
1,793,B,1654
2,793,C,2434
3,793,D,2096
4,793,E,2939
5,793,F,3046
6,793,G,5000
0,798,A,1131
1,798,B,1460
2,798,C,1720
3,798,D,2342
4,798,E,2871
0,772,A,1885
1,772,B,1578
2,772,C,2209
3,772,D,2723
4,772,E,3185
0,800,A,2076
1,800,B,1858
2,800,C,2246
3,800,D,2718
4,800,E,3493
0,801,A,1158
1,801,B,1002
2,801,C,1871
3,801,D,1863
4,801,E,2635
0,796,A,958
1,796,B,1392
2,796,C,1979
3,796,D,2067
4,796,E,2781
5,796,F,5000
0,788,A,1572
1,788,B,2121
2,788,C,2285
3,788,D,3096
4,788,E,2931
0,789,A,1231
1,789,B,1737
2,789,C,1593
3,789,D,2360
4,789,E,2643
0,786,A,2016
1,786,B,2311
2,786,C,2341
3,786,D,3507
4,786,E,3155
0,787,A,1397
1,787,B,1447
2,787,C,2160
3,787,D,2604
4,787,E,2648
0,771,A,1513
1,771,B,1468
2,771,C,2055
3,771,D,2580
4,771,E,3044
5,771,F,3321
0,790,A,1707
1,790,B,1960
2,790,C,2460
3,790,D,3151
4,790,E,3383
0,791,A,580
1,791,B,1628
2,791,C,1616
3,791,D,2219
4,791,E,2769
0,785,A,581
1,785,B,1225
2,785,C,1711
3,785,D,2203
4,785,E,2276
0,781,A,1469
1,781,B,1895
2,781,C,2005
3,781,D,2393
4,781,E,2711
5,781,F,5000
0,782,A,924
1,782,B,1637
2,782,C,1583
3,782,D,1985
4,782,E,2314
5,782,F,2973
0,780,A,751
1,780,B,1477
2,780,C,1388
3,780,D,1637
4,780,E,2024
5,780,F,2234
6,780,G,2615
7,780,H,5000
0,778,A,1534
1,778,B,1887
2,778,C,2457
3,778,D,2692
4,778,E,2976
0,779,A,1120
1,779,B,1192
2,779,C,1228
3,779,D,1652
4,779,E,2064
5,779,F,2957
0,777,A,1130
1,777,B,1399
2,777,C,1639
3,777,D,1729
4,777,E,2008
0,776,A,894
1,776,B,1313
2,776,C,1874
3,776,D,2060
4,776,E,2091
5,776,F,2752
6,776,G,2817
0,768,A,1099
1,768,B,1704
2,768,C,1872
3,768,D,2170
4,768,E,2047
5,768,F,2493
6,768,G,3283
0,767,A,1259
1,767,B,2037
2,767,C,2052
3,767,D,2026
4,767,E,2621
0,765,A,950
1,765,B,1243
2,765,C,1333
3,765,D,1775
4,765,E,2206
5,765,F,3074
6,765,G,3319
0,766,A,1100
1,766,B,1215
2,766,C,1762
3,766,D,2021
4,766,E,2254
0,763,A,1749
1,763,B,2081
2,763,C,2713
3,763,D,2972
4,763,E,2815
0,764,A,857
1,764,B,1087
2,764,C,1666
3,764,D,2178
4,764,E,2661
0,756,A,1560
1,756,B,1598
2,756,C,2244
3,756,D,2317
4,756,E,3299
5,756,F,3477
0,759,A,1486
1,759,B,1518
2,759,C,2123
3,759,D,2374
4,759,E,3080
5,759,F,5000
0,760,A,932
1,760,B,1550
2,760,C,1725
3,760,D,1858
4,760,E,2506
5,760,F,2939
0,758,A,611
1,758,B,1288
2,758,C,1814
3,758,D,2012
4,758,E,2822
5,758,F,2530
0,755,A,925
1,755,B,1253
2,755,C,1367
3,755,D,2130
4,755,E,2454
5,755,F,2620
6,755,G,3273
0,757,A,1147
1,757,B,1527
2,757,C,2015
3,757,D,2228
4,757,E,2445
5,757,F,2813
6,757,G,5000
0,754,A,1407
1,754,B,1275
2,754,C,2157
3,754,D,2070
4,754,E,5000
0,750,A,812
1,750,B,1392
2,750,C,1714
3,750,D,1927
4,750,E,2617
5,750,F,2838
6,750,G,3240
7,750,H,5000
0,748,A,1124
1,748,B,1723
2,748,C,1464
3,748,D,2147
4,748,E,2388
5,748,F,2705
0,752,A,933
1,752,B,1670
2,752,C,1393
3,752,D,2086
4,752,E,2168
5,752,F,2546
0,749,A,713
1,749,B,1251
2,749,C,1637
3,749,D,1988
4,749,E,2568
0,747,A,981
1,747,B,1071
2,747,C,1419
3,747,D,1864
4,747,E,1736
5,747,F,2673
0,746,A,837
1,746,B,1005
2,746,C,1678
3,746,D,1580
4,746,E,1940
5,746,F,2459
6,746,G,2077
0,744,A,1751
1,744,B,1874
2,744,C,2385
3,744,D,3490
4,744,E,3263
0,745,A,986
1,745,B,1534
2,745,C,1623
3,745,D,2120
4,745,E,2747
0,743,A,1289
1,743,B,1251
2,743,C,1541
3,743,D,1857
4,743,E,2288
0,741,A,1637
1,741,B,1658
2,741,C,2620
3,741,D,2931
4,741,E,3492
0,742,A,1066
1,742,B,1604
2,742,C,1697
3,742,D,1824
4,742,E,2763
0,735,A,1064
1,735,B,1259
2,735,C,1670
3,735,D,1650
4,735,E,2991
0,736,A,1682
1,736,B,1707
2,736,C,2485
3,736,D,2803
4,736,E,2898
0,739,A,1576
1,739,B,1944
2,739,C,2510
3,739,D,3556
4,739,E,3111
0,740,A,1338
1,740,B,1256
2,740,C,1693
3,740,D,2064
4,740,E,2696
0,729,A,1319
1,729,B,1545
2,729,C,1872
3,729,D,1957
4,729,E,2126
5,729,F,2821
0,737,A,1837
1,737,B,1706
2,737,C,1924
3,737,D,2511
4,737,E,5000
5,737,F,5000
0,738,A,1138
1,738,B,1321
2,738,C,1816
3,738,D,1731
4,738,E,2111
5,738,F,5000
0,734,A,660
1,734,B,931
2,734,C,1769
3,734,D,1762
4,734,E,2158
5,734,F,2782
0,733,A,1141
1,733,B,1200
2,733,C,2005
3,733,D,1719
4,733,E,2469
5,733,F,2545
0,725,A,1111
1,725,B,1261
2,725,C,1741
3,725,D,1871
4,725,E,2705
5,725,F,2905
6,725,G,5000
0,732,A,808
1,732,B,1151
2,732,C,1391
3,732,D,1754
4,732,E,2110
5,732,F,2407
0,731,A,800
1,731,B,1259
2,731,C,1654
3,731,D,2261
4,731,E,2289
5,731,F,1994
0,727,A,1379
1,727,B,1794
2,727,C,1641
3,727,D,1941
4,727,E,2478
5,727,F,2679
0,724,A,1057
1,724,B,1573
2,724,C,1853
3,724,D,1900
4,724,E,2848
5,724,F,3051
6,724,G,2614
0,723,A,721
1,723,B,1197
2,723,C,1668
3,723,D,1681
4,723,E,2362
5,723,F,2273
0,722,A,1458
1,722,B,1309
2,722,C,1655
3,722,D,1915
4,722,E,3065
5,722,F,2772
0,721,A,810
1,721,B,1311
2,721,C,1932
3,721,D,2059
4,721,E,2831
0,719,A,1217
1,719,B,1461
2,719,C,1829
3,719,E,2400
0,715,A,1587
1,715,B,2411
2,715,C,2665
3,715,D,3188
4,715,E,5000
0,716,A,963
1,716,B,1473
2,716,C,1650
3,716,D,2472
4,716,E,2913
0,713,A,1531
1,713,B,2161
2,713,C,2294
3,713,D,2741
4,713,E,3512
0,714,A,1297
1,714,B,1343
2,714,C,1521
3,714,D,2262
4,714,E,2407
0,711,A,823
1,711,B,1548
2,711,C,1734
3,711,D,1930
4,711,E,2378
0,708,A,1264
1,708,B,1977
2,708,C,2244
3,708,D,3009
4,708,E,3232
0,709,A,997
1,709,B,1596
2,709,C,1328
3,709,D,2067
4,709,E,2649
0,707,A,1066
1,707,B,1408
2,707,C,1591
3,707,D,2188
4,707,E,2489
0,706,A,1143
1,706,B,1233
2,706,C,1674
3,706,D,1839
4,706,E,2587
0,704,A,1646
1,704,B,2561
2,704,C,2949
3,704,D,3188
4,704,E,5000
0,705,A,655
1,705,B,1235
2,705,C,1673
3,705,D,2775
4,705,E,5000
0,700,A,1864
1,700,B,1877
2,700,C,2579
3,700,D,3119
4,700,E,5000
0,701,A,883
1,701,B,1261
2,701,C,1516
3,701,D,1968
4,701,E,2197
5,701,F,5000
0,698,A,1217
1,698,B,1691
2,698,C,2449
3,698,D,2878
4,698,E,2974
5,698,F,3068
0,699,A,1194
1,699,B,1555
2,699,C,1456
3,699,D,1803
4,699,E,5000
5,699,F,3005
0,696,A,1646
1,696,B,1712
2,696,C,2002
3,696,D,2460
4,696,E,3022
5,696,F,5000
0,697,A,1125
1,697,B,1601
2,697,C,1639
3,697,D,1939
4,697,E,2297
5,697,F,2851
0,689,A,1520
1,689,B,1607
2,689,C,1777
3,689,D,2173
4,689,E,2273
0,695,A,2218
1,695,B,2140
2,695,C,2402
3,695,D,2610
4,695,E,2894
5,695,F,2970
6,695,G,5000
0,687,A,1283
1,687,B,1959
2,687,C,1850
3,687,D,2544
4,687,E,2859
0,688,A,883
1,688,B,1026
2,688,C,1538
3,688,D,2038
4,688,E,2103
0,685,A,1666
1,685,B,1879
2,685,C,2897
3,685,D,2654
4,685,E,2844
0,686,A,818
1,686,B,1238
2,686,C,1733
3,686,D,2137
4,686,E,5000
0,682,A,1182
1,682,B,1301
2,682,C,1678
3,682,D,1970
4,682,E,2587
0,681,A,836
1,681,B,1400
2,681,C,1713
3,681,D,2085
4,681,E,2964
0,679,A,1512
1,679,B,2232
2,679,C,2387
3,679,D,2957
4,679,E,3309
0,680,A,995
1,680,B,1139
2,680,C,1441
3,680,D,2345
4,680,E,2500
0,677,A,487
1,677,B,1467
2,677,C,1552
3,677,D,2369
4,677,E,2586
0,676,A,1004
1,676,B,1571
2,676,C,1595
3,676,D,2001
4,676,E,2509
0,675,A,1220
1,675,B,1473
2,675,C,2046
3,675,D,1840
4,675,E,2385
0,671,A,1918
1,671,B,2042
2,671,C,2792
3,671,D,2940
4,671,E,5000
0,672,A,905
1,672,B,1132
2,672,C,1902
3,672,D,2096
4,672,E,5000
0,643,A,1585
1,643,B,1232
2,643,C,2365
3,643,D,2840
4,643,E,2585
5,643,F,3290
6,643,G,3290
0,673,A,963
1,673,B,1414
2,673,C,1511
3,673,D,1619
4,673,E,2499
5,673,F,5000
0,674,A,1658
1,674,B,1519
2,674,C,2344
3,674,D,3355
4,674,E,2728
5,674,F,2889
6,674,G,3229
0,670,A,1008
1,670,B,1185
2,670,C,1468
3,670,D1,1467
4,670,D2,1637
5,670,E,1785
6,670,F,2371
0,666,A,1902
1,666,B,2099
2,666,C,2570
3,666,D,3014
4,666,E,3335
0,667,A,1160
1,667,B,1211
2,667,C,1878
3,667,D,2263
4,667,E,5000
0,641,A,1084
1,641,B,1384
2,641,C,1718
3,641,D,2249
4,641,E,1876
5,641,F,2920
6,641,G,5000
0,668,A,1706
1,668,B,1861
2,668,C,2450
3,668,D,2078
4,668,E,3525
5,668,F,3525
0,669,A,863
1,669,B,1186
2,669,C,1481
3,669,D,1838
4,669,E,2091
0,662,A,2497
1,662,B,2160
2,662,C,3324
3,662,D,2382
4,662,E,3324
0,659,A,1179
1,659,B,1539
2,659,C,1329
3,659,D,1541
4,659,E,1682
5,659,F,2253
6,659,G,2428
0,639,A,1196
1,639,B,1529
2,639,C,2234
3,639,D,2341
4,639,E,2714
5,639,F,5000
0,657,A,1765
1,657,B,2207
2,657,C,2411
3,657,D,2786
4,657,E,5000
0,658,A,834
1,658,B,1232
2,658,C,1654
3,658,D,2324
4,658,E,2769
0,649,A,1296
1,649,B,1635
2,649,C,1720
3,649,D,1725
4,649,E,2234
0,648,A,1356
1,648,B,1352
2,648,C,1528
3,648,D,2010
4,648,E,2406
0,653,A,1125
1,653,B,1340
2,653,C,1894
3,653,D,2322
4,653,E,2446
5,653,F,2599
6,653,G,3085
0,645,A,1235
1,645,B,1314
2,645,C,1677
3,645,D,1834
4,645,E,2163
5,645,F,2561
6,645,G,3588
0,655,A,1303
1,655,B,1391
2,655,C,1700
3,655,D,1842
4,655,E,2133
5,655,F,2518
6,655,G,3298
0,650,A,1489
1,650,B,2016
2,650,C,2169
3,650,D,2590
4,650,E,3081
0,651,A,1169
1,651,B,1241
2,651,C,1517
3,651,D,1980
4,651,E,2486
0,631,A,1136
1,631,B,1372
2,631,C,1828
3,631,D,2175
4,631,E,2564
0,627,A,1933
1,627,B,1681
2,627,C,2239
3,627,D,2690
4,627,E,3060
5,627,F,5000
0,634,A,1536
1,634,B,1808
2,634,C,1629
3,634,D,2202
4,634,E,2628
5,634,F,5000
0,635,A,1186
1,635,B,1431
2,635,C,1855
3,635,D,1790
4,635,E,2378
5,635,F,5000
0,633,A,1259
1,633,B,1383
2,633,C,2015
3,633,D,2108
4,633,E,2467
5,633,F,2559
6,633,G,2717
7,633,H,3114
0,629,A,865
1,629,B,1191
2,629,C,2029
3,629,D,2003
4,629,E,2482
0,626,A,1046
1,626,B,1332
2,626,C,1615
3,626,D,1816
4,626,E,2469
5,626,F,2480
6,626,G,3094
0,625,A,1738
1,625,B,1335
2,625,C,1314
3,625,D,2657
4,625,E,5000
0,623,A,1919
1,623,B,2301
2,623,C,2917
3,623,D,2640
4,623,E,3472
0,624,A,898
1,624,B,1253
2,624,C,1829
3,624,D,2642
4,624,E,2981
0,621,A,1059
1,621,B,1323
2,621,C,1706
3,621,D,2356
4,621,E,2058
0,618,A,905
1,618,B,1201
2,618,C,1848
3,618,D,2260
4,618,E,2582
5,618,F,3033
6,618,G,5000
0,617,A,745
1,617,B,1363
2,617,C,1803
3,617,D,1787
4,617,E,2350
0,613,A,1962
1,613,B,2015
2,613,C,2464
3,613,D,2795
4,613,E,3408
0,614,A,1676
1,614,B,1501
2,614,C,1936
3,614,D,2321
4,614,E,2850
0,611,A,1055
1,611,B,1419
2,611,C,1507
3,611,D,2048
4,611,E,2393
5,611,F,2609
6,611,G,3039
7,611,H,3331
0,610,A,1055
1,610,B,1365
2,610,C,1767
3,610,D,2251
4,610,E,2640
0,607,A,1432
1,607,B,1864
2,607,C,2522
3,607,D,2615
4,607,E,5000
0,608,A,1105
1,608,B,1523
2,608,C,1680
3,608,D,2031
4,608,E,2612
0,605,A,1666
1,605,B,1745
2,605,C,2366
3,605,D,2464
4,605,E,2692
0,606,A,1282
1,606,B,1646
2,606,C,1663
3,606,D,1971
4,606,E,2628
0,603,A,1584
1,603,B,1884
2,603,C,2121
3,603,D,2976
4,603,E,3217
0,604,A,1041
1,604,B,1601
2,604,C,1666
3,604,D,2061
4,604,E,2394
0,601,A,1795
1,601,B,2062
2,601,C,2258
3,601,D,2466
4,601,E,2907
0,602,A,1294
1,602,B,1495
2,602,C,1657
3,602,D,2261
4,602,E,2582
0,599,A,923
1,599,B,1644
2,599,C,1627
3,599,D,1933
4,599,E,2964
0,596,A,1244
1,596,B,1194
2,596,C,1781
3,596,D,2439
4,596,E,2823
0,593,A,1268
1,593,B,1662
2,593,C,2697
3,593,D,2335
4,593,E,2576
0,592,A,1433
1,592,B,1233
2,592,C,1876
3,592,D,2216
4,592,E,2991
0,590,A,1652
1,590,B,2117
2,590,C,2230
3,590,D,2349
4,590,E,3333
0,591,A,889
1,591,B,1297
2,591,C,1730
3,591,D,2212
4,591,E,2375
0,587,A,1459
1,587,B,2089
2,587,C,2166
3,587,D,3346
4,587,E,2857
5,587,F,3150
0,588,A,971
1,588,B,1454
2,588,C,1568
3,588,D,2306
4,588,E,2255
5,588,F,5000
0,585,A,2029
1,585,B,1836
2,585,C,2438
3,585,D,2280
4,585,E,2806
5,585,F,5000
0,586,A,1134
1,586,B,1289
2,586,C,1895
3,586,D,1852
4,586,E,2410
5,586,F,2597
0,584,A,1148
1,584,B,1469
2,584,C,1688
3,584,D,1770
4,584,E,2361
0,582,A,1885
1,582,B,1944
2,582,C,2431
3,582,D,3359
4,582,E,2964
0,583,A,1032
1,583,B,1262
2,583,C,1777
3,583,D,2059
4,583,E,2815
0,581,A,662
1,581,B,1318
2,581,C,1471
3,581,D,1750
4,581,E,5000
5,581,F,2569
0,580,A,1035
1,580,B,1527
2,580,C,1578
3,580,D,1913
4,580,E,2691
0,578,A,1642
1,578,B,1814
2,578,C,1997
3,578,D,2647
4,578,E,2771
5,578,F,5000
0,579,A,1085
1,579,B,1413
2,579,C,1734
3,579,D,1950
4,579,E,2273
5,579,F,2921
0,576,A,1409
1,576,B,2130
2,576,C,2119
3,576,D,2733
4,576,E,3368
0,577,A,1130
1,577,B,1880
2,577,C,1563
3,577,D,2418
4,577,E,2430
0,573,A,1382
1,573,B,1670
2,573,C,2399
3,573,D,3056
4,573,E,3386
0,574,A,1229
1,574,B,1560
2,574,C,1482
3,574,D,1843
4,574,E,2752
0,571,A,2155
1,571,B,2018
2,571,C,2567
3,571,D,3152
4,571,E,5000
0,572,A,1048
1,572,B,1437
2,572,C,2424
3,572,D,2390
4,572,E,5000
0,570,A,1234
1,570,B,1361
2,570,C,1559
3,570,D,2409
4,570,E,2419
0,568,A,1612
1,568,B,1817
2,568,C,2700
3,568,D,2891
4,568,E,3381
0,569,A,1581
1,569,B,1268
2,569,C,1771
3,569,D,2149
4,569,E,5000
0,567,A,956
1,567,B,1311
2,567,C,1799
3,567,D,1889
4,567,E,2789
5,567,F,2718
0,566,A,2307
1,566,B,2569
2,566,C,3162
3,566,D,1908
4,566,E,3297
5,566,F,1611
6,566,G,2600
0,562,A,2953
1,562,B,0
2,562,C,3319
3,562,D,2163
4,562,E,2441
5,562,F,2233
6,562,G,2345
0,559,A,1576
1,559,B,1901
2,559,C,2135
3,559,D,2809
4,559,E,3032
0,560,A,1077
1,560,B,1429
2,560,C,1593
3,560,D,1918
4,560,E,2537
0,558,A,1190
1,558,B,1424
2,558,C,1985
3,558,D,2514
4,558,E,2393
0,557,A,1131
1,557,B,1602
2,557,C,1903
3,557,D,2204
4,557,E,2620
0,555,A,1501
1,555,B,1944
2,555,C,2205
3,555,D,2535
4,555,E,2843
0,556,A,1060
1,556,B,1194
2,556,C,1547
3,556,D,2232
4,556,E,2510
0,553,A,1478
1,553,B,1905
2,553,C,2157
3,553,D,2327
4,553,E,5000
0,554,A,867
1,554,B,1247
2,554,C,1759
3,554,D,2273
4,554,E,2536
0,552,A,1061
1,552,B,1263
2,552,C,1851
3,552,D,1864
4,552,E,2305
0,551,A,914
1,551,B,1770
2,551,C,2211
3,551,D,2615
4,551,E,2544
0,549,A,1060
1,549,B,2280
2,549,C,2358
3,549,D,1832
4,549,E,5000
5,549,F,2811
6,549,G,2137
7,549,H,2139
0,550,A,1598
1,550,B,1443
2,550,C,1563
3,550,D,1944
4,550,E,2284
0,547,A,2311
1,547,B,1835
2,547,C,2254
3,547,D,2718
4,547,E,2860
0,548,A,1301
1,548,B,1484
2,548,C,2483
3,548,D,2168
4,548,E,2745
0,546,A,815
1,546,B,1415
2,546,C,1509
3,546,D,1866
4,546,E,2307
0,545,A,1006
1,545,B,1253
2,545,C,1542
3,545,D,1395
4,545,E,2071
0,543,A,1813
1,543,B,2150
2,543,C,2542
3,543,D,2496
4,543,E,5000
0,544,A,1211
1,544,B,1484
2,544,C,1993
3,544,D,2438
4,544,E,5000
0,541,A,2310
1,541,B,5000
2,541,C,1812
3,541,D,2585
4,541,E,2340
5,541,F,2117
0,542,A,2529
1,542,B,5000
2,542,C,1987
3,542,D,2640
4,542,E,2682
5,542,F,2135
0,540,A,893
1,540,B,1752
2,540,C,1864
3,540,D,2025
4,540,E,2299
0,538,A,1579
1,538,B,1404
2,538,C,1638
3,538,D,1805
4,538,E,2144
5,538,F,2235
6,538,G,3115
7,538,H,3188
0,532,A,2904
1,532,B,1849
2,532,C,1677
3,532,D,2940
4,532,E,1762
5,532,F,2271
0,533,A,3098
1,533,B,1979
2,533,C,1687
3,533,D,2970
4,533,E,1814
5,533,F,2355
0,535,A,1077
1,535,B,1204
2,535,C,1933
3,535,D,2245
4,535,E,5000
0,536,A,1836
1,536,B,2021
2,536,C,2695
3,536,D,2905
4,536,E,3099
0,534,A,1132
1,534,B,1440
2,534,C,1636
3,534,D,1958
4,534,E,2598
5,534,F,5000
0,526,A,1437
1,526,B,1501
2,526,C,2054
3,526,D,2226
4,526,E,2443
5,526,F,2967
6,526,G,5000
0,525,A,1194
1,525,B,1488
2,525,C,1626
3,525,D,2391
4,525,E,2414
0,529,A,2708
1,529,B,1913
2,529,C,2381
3,529,D,2258
4,529,E,1882
0,524,A,1575
1,524,B,1614
2,524,C,1828
3,524,D,2058
4,524,E,2278
5,524,F,2673
0,527,A,1238
1,527,B,1661
2,527,C,1914
3,527,D,2224
4,527,E,5000
0,528,A,1488
1,528,B,1781
2,528,C,2549
3,528,D,2561
4,528,E,3128
0,520,A,926
1,520,B,1434
2,520,C,1796
3,520,D,2453
4,520,E,2453
0,521,A,1505
1,521,B,2035
2,521,C,2163
3,521,D,2905
4,521,E,3165
0,519,A,1028
1,519,B,1177
2,519,C,1300
3,519,D,1902
4,519,E,2168
0,518,A,1631
1,518,B,1441
2,518,C,1636
3,518,D,1830
4,518,E,2345
5,518,F,2685
0,515,A,1126
1,515,B,1541
2,515,C,1495
3,515,D,2236
4,515,E,2625
0,516,A,1431
1,516,B,2084
2,516,C,2246
3,516,D,2858
4,516,E,3331
0,514,A,1191
1,514,B,1389
2,514,C,2088
3,514,D,2058
4,514,E,2474
0,513,A,937
1,513,B1,1462
2,513,B2,1744
3,513,C,1987
4,513,D1,2442
5,513,D2,2562
6,513,E1,2538
7,513,E2,2762
8,513,F1,2774
9,513,F2,2881
10,513,G1,1814
11,513,G2,2406
12,513,G3,3194
0,512,A,1672
1,512,B,1926
2,512,C,2358
3,512,D,2882
4,512,E,2845
0,510,A,703
1,510,B,1508
2,510,C,1950
3,510,D,2214
4,510,E,5000
0,509,A,671
1,509,B,1340
2,509,C,1976
3,509,D,2299
4,509,E,1917
5,509,F,2559
0,508,A,1234
1,508,B,1348
2,508,C,1652
3,508,D,2730
4,508,E,2303
0,507,A,1114
1,507,B,1457
2,507,C,1675
3,507,D,2315
4,507,E,2166
0,505,A,1295
1,505,B,1468
2,505,C,2166
3,505,D,2536
4,505,E,5000
0,506,A,1990
1,506,B,2156
2,506,C,2948
3,506,D,2344
4,506,E,3333
0,501,A,1019
1,501,B,1206
2,501,C,1805
3,501,D,2251
4,501,E,5000
0,504,A,1612
1,504,B,1951
2,504,C,2592
3,504,D,2713
4,504,E,3087
0,500,A,1184
1,500,B,1673
2,500,C,1582
3,500,D,1974
4,500,E,2338
5,500,F,2759
6,500,G,5000
0,498,A,1700
1,498,B,2441
2,498,C,2061
3,498,D,2415
4,498,E,2703
0,499,A,1135
1,499,B,1095
2,499,C,1659
3,499,D,2661
4,499,E,2451
0,496,A,1023
1,496,B,1476
2,496,C,1631
3,496,D,2227
4,496,E,2505
0,497,A,1616
1,497,B,1891
2,497,C,2134
3,497,D,2913
4,497,E,2913
0,494,A,1740
1,494,B,2026
2,494,C,2683
3,494,D,2759
4,494,E,3218
0,495,A,1193
1,495,B,1615
2,495,C,1835
3,495,D,2455
4,495,E,5000
0,493,A,1363
1,493,B,1516
2,493,C,1840
3,493,D,1677
4,493,E,2817
0,492,A,933
1,492,B,1272
2,492,C,1519
3,492,D,1853
4,492,E,2166
0,490,A,933
1,490,B,1506
2,490,C,1765
3,490,D,1927
4,490,E,2115
5,490,F,2429
0,487,A,1818
1,487,B,2056
2,487,C,2311
3,487,D,2716
4,487,E,3257
0,488,A,1226
1,488,B,1925
2,488,C,2089
3,488,D,2536
4,488,E,2816
0,489,A,1323
1,489,B,1321
2,489,C,1440
3,489,D,1751
4,489,E,2718
5,489,F,2245
0,486,A,1027
1,486,B,1504
2,486,C,1678
3,486,D,2224
4,486,E,2282
0,482,A,1151
1,482,B,1836
2,482,C,2693
3,482,D,2674
4,482,E,5000
0,483,A,1164
1,483,B,1806
2,483,C,1414
3,483,D,2135
4,483,E,5000
0,479,A,1133
1,479,B,1428
2,479,C,1558
3,479,D,1935
4,479,E,2141
0,480,A,1473
1,480,B,1795
2,480,C,1900
3,480,D,2601
4,480,E,2943
0,478,A,1103
1,478,B,1325
2,478,C,1772
3,478,D,2081
4,478,E,5000
0,476,A,1111
1,476,B,1333
2,476,C,1768
3,476,D,1954
4,476,E,2650
0,477,A,1662
1,477,B,1898
2,477,C,2217
3,477,D,2694
4,477,E,5000
0,474,A,941
1,474,B,1266
2,474,C,1933
3,474,D,1648
4,474,E,2192
5,474,F,2156
0,475,A,1307
1,475,B,1410
2,475,C,2102
3,475,D,2052
4,475,E,2655
5,475,F,2916
0,472,A,982
1,472,B,1301
2,472,C,1443
3,472,D,1910
4,472,E,2846
5,472,F,2744
6,472,G,2908
0,471,A,1267
1,471,B,1414
2,471,C,1709
3,471,D,1950
4,471,E,5000
0,468,A,1485
1,468,B,2052
2,468,C,2466
3,468,D,3228
4,468,E,5000
0,469,A,1001
1,469,B,1337
2,469,C,1638
3,469,D,2341
4,469,E,5000
0,467,A,648
1,467,B,1236
2,467,C,1762
3,467,D,2433
4,467,E,5000
0,466,A,1279
1,466,B,1985
2,466,C,1740
3,466,D,2221
4,466,E,2363
0,464,A,1738
1,464,B,2057
2,464,C,2111
3,464,D,2733
4,464,E,3368
0,465,A,973
1,465,B,1108
2,465,C,1775
3,465,D,2286
4,465,E,2430
0,463,A,1323
1,463,B,1150
2,463,C,1905
3,463,D,1938
4,463,E,2323
0,461,A,1164
1,461,B,1951
2,461,C,2174
3,461,D,2822
4,461,E,2967
0,462,A,1141
1,462,B,1400
2,462,C,1344
3,462,D,2265
4,462,E,2662
0,460,A,1003
1,460,B,1544
2,460,C,1924
3,460,D,2443
4,460,E,2670
0,459,A,1355
1,459,B,1354
2,459,C,1854
3,459,D,1862
4,459,E,2169
0,457,A,1926
1,457,B,2062
2,457,C,2136
3,457,D,2613
4,457,E,5000
5,457,F,5000
0,455,A,1501
1,455,B,1968
2,455,C,2120
3,455,D,2720
4,455,E,2927
0,456,A,1270
1,456,B,1264
2,456,C,1631
3,456,D,2220
4,456,E,2391
0,453,A,1447
1,453,B,1947
2,453,C,2221
3,453,D,2901
4,453,E,3220
0,454,A,808
1,454,B,1392
2,454,C,1628
3,454,D,2205
4,454,E,2716
0,452,A,1222
1,452,B,1820
2,452,C,2084
3,452,D,1938
4,452,E,2470
5,452,F,2692
0,451,A,1002
1,451,B,1434
2,451,C,1708
3,451,D,2011
4,451,E,2365
0,449,A,1889
1,449,B,2090
2,449,C,2399
3,449,D,2353
4,449,E,2958
0,450,A,1114
1,450,B,1484
2,450,C,1817
3,450,D,2296
4,450,E,2602
0,448,A,964
1,448,B,1473
2,448,C,1956
3,448,D,1848
4,448,E,2324
0,446,A,1803
1,446,B,1906
2,446,C,2413
3,446,D,2895
4,446,E,5000
0,447,A,1006
1,447,B,1080
2,447,C,1798
3,447,D,2157
4,447,E,2548
0,444,A,1564
1,444,B,2239
2,444,C,2366
3,444,D,2468
4,444,E,2681
0,445,A,1282
1,445,B,1466
2,445,C,1802
3,445,D,2496
4,445,E,2617
0,442,A,1790
1,442,B,1892
2,442,C,2471
3,442,D,2665
4,442,E,3298
0,443,A,835
1,443,B,1524
2,443,C,2083
3,443,D,1882
4,443,E,5000
0,436,A,1586
1,436,B,1423
2,436,C,1818
3,436,D,2944
4,436,E,2677
5,436,F,3026
0,441,A,981
1,441,B,1394
2,441,C,1505
3,441,D,2241
4,441,E,2781
0,439,A,1064
1,439,B,1275
2,439,C,1874
3,439,D,1876
4,439,E,2412
0,437,A,1372
1,437,B,1498
2,437,C,1633
3,437,D,2181
4,437,E,5000
0,438,A,1332
1,438,B,1845
2,438,C,2512
3,438,D,2299
4,438,E,5000
0,435,A,1111
1,435,B,1478
2,435,C,1619
3,435,D,2188
4,435,E,5000
0,433,A,1222
1,433,B,1268
2,433,C,2080
3,433,D,2316
4,433,E,2750
0,434,A,1874
1,434,B,1956
2,434,C,2560
3,434,D,3141
4,434,E,5000
0,431,A,770
1,431,B,1203
2,431,C,1622
3,431,D,2134
4,431,E,2489
0,432,A,927
1,432,B,1255
2,432,C,1803
3,432,D,1974
4,432,E,2518
0,429,A,1391
1,429,B,1710
2,429,C,2387
3,429,D,2270
4,429,E,2925
0,430,A,1594
1,430,B,1384
2,430,C,1724
3,430,D,1991
4,430,E,2461
0,427,A,762
1,427,B,1172
2,427,C,1692
3,427,D,2160
4,427,E,2064
0,425,A,1518
1,425,B,2212
2,425,C,2256
3,425,D,2278
4,425,E,2540
0,426,A,884
1,426,B,1358
2,426,C,1736
3,426,D,2650
4,426,E,2529
0,424,A,975
1,424,B,1235
2,424,C,1586
3,424,D,2219
4,424,E,5000
0,419,A,1172
1,419,B,1822
2,419,C,1822
3,419,D,2008
4,419,E,2475
0,420,A,1161
1,420,B,1902
2,420,C,1979
3,420,D,2341
4,420,E,2689
0,421,A,866
1,421,B,1080
2,421,C,1948
3,421,D,2098
4,421,E,2506
0,413,A,1056
1,413,B,0
2,413,C,1414
3,413,D,2047
4,413,E,2120
0,412,A,973
1,412,B,1067
2,412,C,1408
3,412,D,1733
4,412,E,1845
0,417,A,1621
1,417,B,1571
2,417,C,1581
3,417,D,2284
4,417,E,2382
0,418,A,1660
1,418,B,1963
2,418,C,2324
3,418,D,2884
4,418,E,5000
0,416,A,1458
1,416,B,1315
2,416,C,1618
3,416,D,2352
4,416,E,2563
0,414,A,1438
1,414,B,1338
2,414,C,2047
3,414,D,2299
4,414,E,3217
0,415,A,867
1,415,B,1491
2,415,C,1588
3,415,D,1677
4,415,E,2485
0,407,A,1790
1,407,B,1699
2,407,C,2481
3,407,D,2789
4,407,E,5000
0,408,A,867
1,408,B,1250
2,408,C,1778
3,408,D,1847
4,408,E,5000
0,405,A,789
1,405,B,1261
2,405,C,1676
3,405,D,1965
4,405,E,2559
0,406,A,1541
1,406,B,1687
2,406,C,2242
3,406,D,2212
4,406,E,2813
0,404,A,1184
1,404,B,1575
2,404,C,1842
3,404,D,2105
4,404,E,2621
0,402,A,1232
1,402,B,1539
2,402,C,1552
3,402,D,2157
4,402,E,2301
0,403,A,1531
1,403,B,1986
2,403,C,2179
3,403,D,2323
4,403,E,3081
0,401,A,972
1,401,B,1284
2,401,C,1477
3,401,D,2118
4,401,E,2800
0,400,A,1138
1,400,B,1344
2,400,C,1596
3,400,D,2096
4,400,E,2296
0,388,A,1397
1,388,B,1910
2,388,C,2002
3,388,D,2735
4,388,E,5000
0,389,A,1159
1,389,B,1293
2,389,C,1485
3,389,D,2300
4,389,E,2154
0,387,A,1062
1,387,B,1255
2,387,C,1720
3,387,D,2466
4,387,E,2358
0,385,A,1045
1,385,B,1355
2,385,C,1831
3,385,D,2422
4,385,E,2582
0,383,A,1422
1,383,B,2500
2,383,C,1932
3,383,D,2259
4,383,E,2667
0,384,A,912
1,384,B,1516
2,384,C,1605
3,384,D,2688
4,384,E,2426
0,382,A,1194
1,382,B,1956
2,382,C,1757
3,382,D,2256
4,382,E,2577
0,380,A,1594
1,380,B,2347
2,380,C,1976
3,380,D,2490
4,380,E,2766
0,381,A,871
1,381,B,1214
2,381,C,1793
3,381,D,2525
4,381,E,2183
0,379,A,1081
1,379,B,1266
2,379,C,1485
3,379,D,2172
4,379,E,2523
5,379,F,2395
6,379,G,5000
0,377,A,1674
1,377,B,1902
2,377,C,2242
3,377,D,2452
4,377,E,2988
0,378,A,835
1,378,B,1355
2,378,C,1665
3,378,D,2198
4,378,E,2558
0,375,A,1685
1,375,B,1809
2,375,C,2550
3,375,D,2414
4,375,E,5000
0,376,A,1074
1,376,B,1358
2,376,C,1848
3,376,D,1981
4,376,E,5000
0,372,A,1680
1,372,B,1844
2,372,C,2156
3,372,D,2653
4,372,E,3180
0,373,A,1028
1,373,B,1670
2,373,C,1719
3,373,D,2237
4,373,E,2528
0,371,A,1202
1,371,B,1444
2,371,C,1698
3,371,D,1840
4,371,E,2237
0,370,A,1282
1,370,B,1380
2,370,C,1803
3,370,D,2216
4,370,E,2592
0,369,A,1021
1,369,B,1509
2,369,C,1685
3,369,D,2338
4,369,E,2393
0,367,A,1436
1,367,B,1929
2,367,C,1964
3,367,D,2492
4,367,E,2725
0,368,A,1113
1,368,B,1189
2,368,C,1556
3,368,D,2132
4,368,E,2287
0,366,A,1154
1,366,B,1279
2,366,C,1874
3,366,D,2208
4,366,E,2169
0,364,A,1678
1,364,B,2174
2,364,C,2311
3,364,D,2980
4,364,E,3175
0,365,A,1171
1,365,B,1235
2,365,C,1909
3,365,D,2396
4,365,E,2779
0,362,A,1512
1,362,B,1252
2,362,C,1953
3,362,D,2591
4,362,E,2541
0,363,A,944
1,363,B,1225
2,363,C,1400
3,363,D,1807
4,363,E,5000
0,360,A,1698
1,360,B,2063
2,360,C,2432
3,360,D,2646
4,360,E,2930
0,361,A,882
1,361,B,1275
2,361,C,1912
3,361,D,2435
4,361,E,2747
0,359,A,1071
1,359,B,1386
2,359,C,2004
3,359,D,2007
4,359,E,2448
0,358,A,1523
1,358,B,1587
2,358,C,1951
3,358,D,1971
4,358,E,2495
0,356,A,1639
1,356,B,1917
2,356,C,2187
3,356,D,2811
4,356,E,5000
0,357,A,1165
1,357,B,1406
2,357,C,1785
3,357,D,2164
4,357,E,2350
0,354,A,1642
1,354,B,2486
2,354,C,2182
3,354,D,3198
4,354,E,2160
0,355,A,1142
1,355,B,1188
2,355,C,1748
3,355,D,5000
4,355,E,2352
0,353,A,1307
1,353,B,1806
2,353,C,1603
3,353,D,2004
4,353,E,2468
0,351,A,1886
1,351,B,1860
2,351,C,2503
3,351,D,2754
4,351,E,2132
0,352,A,1116
1,352,B,1361
2,352,C,2015
3,352,D,2194
4,352,E,2831
0,350,A,1302
1,350,B,1572
2,350,C,1620
3,350,D,2710
4,350,E,2276
0,348,A,1592
1,348,B,2157
2,348,C,2557
3,348,D,2548
4,348,E,2952
0,349,A,1270
1,349,B,1688
2,349,C,1790
3,349,D,2641
4,349,E,2832
0,346,A,1555
1,346,B,2073
2,346,C,2279
3,346,D,2551
4,346,E,5000
0,347,A,1299
1,347,B,1261
2,347,C,1706
3,347,D,2418
4,347,E,2539
0,343,A,1561
1,343,B,1607
2,343,C,1873
3,343,D,2138
4,343,E,2906
0,344,A,763
1,344,B,1300
2,344,C,1620
3,344,D,1697
4,344,E,2194
0,342,A,1338
1,342,B,1617
2,342,C,1869
3,342,D,2411
4,342,E,2390
0,340,A,1315
1,340,B,2090
2,340,C,1819
3,340,D,1858
4,340,E,2293
0,341,A,1648
1,341,B,1549
2,341,C,1948
3,341,D,2515
4,341,E,3155
0,337,A,1092
1,337,B,1512
2,337,C,1816
3,337,D,2271
4,337,E,2514
0,338,A,1737
1,338,B,1948
2,338,C,2249
3,338,D,2900
4,338,E,2626
0,336,A,980
1,336,B,1857
2,336,C,1797
3,336,D,2309
4,336,E,5000
0,326,A,1439
1,326,B,2036
2,326,C,2114
3,326,D,2477
4,326,E,2868
5,326,F,5000
0,333,A,1466
1,333,B,1760
2,333,C,2672
3,333,D,2163
4,333,E,2493
0,334,A,994
1,334,B,1617
2,334,C,1600
3,334,D,1877
4,334,E,5000
0,332,A,1287
1,332,B,1562
2,332,C,2151
3,332,D,2463
4,332,E,2561
0,329,A,1479
1,329,B,1551
2,329,C,2382
3,329,D,2473
4,329,E,5000
0,330,A,937
1,330,B,1340
2,330,C,1570
3,330,D,1841
4,330,E,2808
0,331,A1,1371
1,331,A2,1514
2,331,B1,1650
3,331,B2,1883
4,331,C1,1095
5,331,C2,2357
6,331,C3,2570
7,331,D1,2344
8,331,D2,2666
9,331,D3,3184
10,331,E1,5000
11,331,E2,5000
0,324,A1,0
1,324,A2,1511
2,324,B1,1655
3,324,B2,1888
4,324,C1,1511
5,324,C2,2450
6,324,C3,2558
7,324,D1,2502
8,324,D2,2791
9,324,D3,5000
10,324,E1,2936
11,324,E2,5000
0,325,A,1532
1,325,B,1924
2,325,C,2686
3,325,D,3033
4,325,E,2787
0,327,A,1229
1,327,B,1248
2,327,C,1704
3,327,D,1910
4,327,E,2351
0,321,A,1856
1,321,B,1944
2,321,C,2089
3,321,D,2928
4,321,E,2696
0,322,A,1104
1,322,B,1625
2,322,C,1933
3,322,D,2109
4,322,E,2462
0,319,A,1496
1,319,B,1856
2,319,C,2117
3,319,D,2814
4,319,E,5000
0,320,A,1140
1,320,B,1538
2,320,C,1739
3,320,D,2053
4,320,E,2417
0,317,A,1682
1,317,B,1992
2,317,C,2574
3,317,D,2293
4,317,E,5000
0,318,A,1014
1,318,B,1369
2,318,C,1639
3,318,D,2077
4,318,E,5000
0,316,A1,1151
1,316,A2,1387
2,316,B1,1574
3,316,B2,1600
4,316,C1,2195
5,316,C2,2295
6,316,D1,2233
7,316,D2,2308
8,316,D3,2390
9,316,E1,1533
10,316,E2,2367
11,316,E3,2447
12,316,F1,2435
13,316,F2,2469
14,316,F3,2548
15,316,G1,1794
16,316,G2,2226
17,316,G3,2793
0,314,A,1569
1,314,B,2042
2,314,C,2034
3,314,D,2497
4,314,E,2914
0,315,A,1477
1,315,B,1267
2,315,C,1742
3,315,D,2266
4,315,E,2422
0,313,A,1037
1,313,B,1242
2,313,C,1519
3,313,D,2136
4,313,E,2426
0,305,A,1638
1,305,B,1768
2,305,C,1646
3,305,D,2472
4,305,E,2350
0,309,A,2024
1,309,B,2218
2,309,C,2013
3,309,D,2685
4,309,E,2978
0,308,A,2216
1,308,B,2153
2,308,C,2255
3,308,D,2613
4,308,E,3023
0,303,A,1355
1,303,B,1830
2,303,C,2460
3,303,D,2689
4,303,E,5000
0,304,A,1325
1,304,B,1451
2,304,C,1505
3,304,D,1927
4,304,E,2693
0,300,A,1176
1,300,B,1563
2,300,C,1824
3,300,D,2641
4,300,E,2300
0,293,A,1577
1,293,B,2711
2,293,C,2378
3,293,D,2674
4,293,E,2769
0,299,A,1075
1,299,B,1125
2,299,C,1510
3,299,D,5000
4,299,E,2288
0,297,A,1715
1,297,B,1624
2,297,C,2453
3,297,D,2520
4,297,E,3035
0,298,A,1308
1,298,B,1289
2,298,C,1698
3,298,D,1756
4,298,E,5000
0,292,A,1158
1,292,B,1317
2,292,C,2015
3,292,D,2083
4,292,E,1906
0,295,A,1427
1,295,B,1645
2,295,C,2095
3,295,D,2447
4,295,E,2505
0,296,A,1230
1,296,B,1918
2,296,C,1621
3,296,D,2020
4,296,E,2647
0,294,A,907
1,294,B,1765
2,294,C,1863
3,294,D,2665
4,294,E,2505
0,288,A,1422
1,288,B,1524
2,288,C,1699
3,288,D,2395
4,288,E,2874
0,289,A,1153
1,289,B,1463
2,289,C,1339
3,289,D,1780
4,289,E,1997
0,286,A,1285
1,286,B,2157
2,286,C,2121
3,286,D,2661
4,286,E,2848
0,287,A,1218
1,287,B,1701
2,287,C,1639
3,287,D,2392
4,287,E,2353
0,285,A,1093
1,285,B,1228
2,285,C,1278
3,285,D,1834
4,285,E,5000
0,283,A,1729
1,283,B,1734
2,283,C,2156
3,283,D,2492
4,283,E,2865
0,284,A,1425
1,284,B,1135
2,284,C,1784
3,284,D,2087
4,284,E,2664
0,282,A,826
1,282,B,1473
2,282,C,1569
3,282,D,2301
4,282,E,2282
0,280,A,2046
1,280,B,1810
2,280,C,2191
3,280,D,2927
4,280,E,5000
0,281,A,777
1,281,B,1739
2,281,C,2146
3,281,D,2133
4,281,E,2508
0,279,A,1433
1,279,B,1402
2,279,C,1788
3,279,D,2550
4,279,E,1973
0,277,A,1349
1,277,B,2255
2,277,C,2416
3,277,D,2944
4,277,E,2343
0,278,A,921
1,278,B,1536
2,278,C,1537
3,278,D,2459
4,278,E,5000
0,276,A,964
1,276,B,1380
2,276,C,1549
3,276,D,1747
4,276,E,2270
0,274,A,1538
1,274,B,1798
2,274,C,2673
3,274,D,2214
4,274,E,5000
0,275,A,957
1,275,B,1752
2,275,C,1628
3,275,D,2136
4,275,E,5000
0,272,A,1003
1,272,B,1410
2,272,C,1627
3,272,D,1964
4,272,E,2360
0,273,A,1428
1,273,B,1676
2,273,C,2251
3,273,D,2422
4,273,E,2629
0,271,A,839
1,271,B,1466
2,271,C,1508
3,271,D,1879
4,271,E,2369
0,269,A,1631
1,269,B,1750
2,269,C,2149
3,269,D,2563
4,269,E,5000
0,270,A,1156
1,270,B,1380
2,270,C,1785
3,270,D,2017
4,270,E,2664
0,268,A,806
1,268,B,1072
2,268,C,1542
3,268,D,2603
4,268,E,2090
0,266,A,732
1,266,B,967
2,266,C,2035
3,266,D,5000
4,266,E,5000
0,264,A,1410
1,264,B,1645
2,264,C,1963
3,264,D,2585
4,264,E,3054
0,265,A,816
1,265,B,1059
2,265,C,1484
3,265,D,1854
4,265,E,2325
0,263,A,712
1,263,B,1046
2,263,C,2043
3,263,D,1836
4,263,E,2644
0,261,A,1345
1,261,B,1928
2,261,C,2009
3,261,D,2673
4,261,E,2881
0,262,A,875
1,262,B,1355
2,262,C,1482
3,262,D,2309
4,262,E,2552
0,257,A,1301
1,257,B,1383
2,257,C,1772
3,257,D,1906
4,257,E,2739
0,260,A,1424
1,260,B,1658
2,260,C,1718
3,260,D,2289
4,260,E,2750
0,258,A,1226
1,258,B,1921
2,258,C,2071
3,258,D,2623
4,258,E,2427
0,259,A,1063
1,259,B,1142
2,259,C,1194
3,259,D,2211
4,259,E,2639
0,256,A,1784
1,256,B,1834
2,256,C,2171
3,256,D,2853
4,256,E,2375
0,255,A,774
1,255,B,1247
2,255,C,1867
3,255,D,2025
4,255,E,2461
0,254,A,1294
1,254,B,1531
2,254,C,1797
3,254,D,5000
4,254,E,2445
0,253,A,1245
1,253,B,1416
2,253,C,1661
3,253,D,2204
4,253,E,2366
0,251,A,1285
1,251,B,1884
2,251,C,2057
3,251,D,2800
4,251,E,5000
0,252,A,1238
1,252,B,1816
2,252,C,1593
3,252,D,2245
4,252,E,2620
0,250,A,1143
1,250,B,1489
2,250,C,1562
3,250,D,2006
4,250,E,2302
0,247,A,970
1,247,B,1515
2,247,C,1779
3,247,D,2000
4,247,E,5000
0,248,A,939
1,248,B,1427
2,248,C,2050
3,248,D,2750
4,248,E,2750
0,249,A,2119
1,249,B,2317
2,249,C,2596
3,249,D,2673
4,249,E,2673
0,246,A,979
1,246,B,1300
2,246,C,1703
3,246,D,1688
4,246,E,2755
0,243,A,1652
1,243,B,2079
2,243,C,2260
3,243,D,2974
4,243,E,3210
0,244,A,1008
1,244,B,1642
2,244,C,2017
3,244,D,2344
4,244,E,5000
0,242,A,1153
1,242,B,1207
2,242,C,1777
3,242,D,2053
4,242,E,2107
0,238,A,1296
1,238,B,1844
2,238,C,2096
3,238,D,3115
4,238,E,2882
0,239,A,1313
1,239,B,1653
2,239,C,1791
3,239,D,2242
4,239,E,2324
0,237,A,1227
1,237,B,1536
2,237,C,1614
3,237,D,2133
4,237,E,2088
0,235,A,1576
1,235,B,1959
2,235,C,2896
3,235,D,3192
4,235,E,2896
0,236,A,871
1,236,B,1376
2,236,C,1638
3,236,D,2229
4,236,E,5000
0,234,A,1174
1,234,B,1031
2,234,C,1318
3,234,D,1674
4,234,E,1603
5,234,F,1885
6,234,G,1860
7,234,H,2048
0,240,A,1534
1,240,B,1683
2,240,C,1523
3,240,D,1989
4,240,E,2971
5,240,F,2585
0,232,A,1694
1,232,B,1876
2,232,C,5000
3,232,D,3126
4,232,E,5000
0,233,A,905
1,233,B,1503
2,233,C,1874
3,233,D,2350
4,233,E,5000
0,231,A,699
1,231,B,1580
2,231,C,1778
3,231,D,1578
4,231,E,2398
0,229,A,1754
1,229,B,1819
2,229,C,1913
3,229,D,2080
4,229,E,2624
0,230,A,1108
1,230,B,1362
2,230,C,1673
3,230,D,1991
4,230,E,2181
0,228,A,812
1,228,B,1402
2,228,C,2226
3,228,D,2268
4,228,E,1987
0,226,A,1291
1,226,B,1820
2,226,C,2484
3,226,D,2120
4,226,E,5000
0,227,A,1446
1,227,B,1178
2,227,C,1560
3,227,D,2027
4,227,E,2741
0,225,A,1178
1,225,B,1608
2,225,C,1747
3,225,D,2378
4,225,E,2147
0,223,A,1787
1,223,B,1959
2,223,C,1881
3,223,D,5000
4,223,E,5000
0,224,A,1164
1,224,B,1594
2,224,C,1893
3,224,D,2180
4,224,E,2249
0,222,A,1300
1,222,B,1385
2,222,C,2197
3,222,D,1817
4,222,E,1992
0,220,A,1576
1,220,B,1913
2,220,C,2145
3,220,D,2553
4,220,E,2415
0,221,A,1027
1,221,B,1391
2,221,C,1464
3,221,D,2047
4,221,E,2505
0,219,A,1198
1,219,B,1518
2,219,C,1695
3,219,D,1859
4,219,E,2438
0,217,A,1313
1,217,B,2099
2,217,C,2633
3,217,D,2880
4,217,E,3028
0,218,A,1187
1,218,B,1149
2,218,C,1494
3,218,D,2212
4,218,E,5000
0,216,A,1264
1,216,B,1739
2,216,C,1832
3,216,D,1858
4,216,E,2264
0,215,A,1112
1,215,B,1341
2,215,C,2168
3,215,D,1838
4,215,E,2434
0,213,A,1707
1,213,B,1890
2,213,C,1978
3,213,D,2275
4,213,E,2771
0,214,A,1014
1,214,B,1705
2,214,C,1961
3,214,D,2392
4,214,E,2167
0,208,A,1126
1,208,B,1895
2,208,C,1992
3,208,D,1241
4,208,E,2359
0,211,A,5000
1,211,B,2346
2,211,C,2189
3,211,D,2455
4,211,E,1938
0,204,A,1632
1,204,B,1591
2,204,C,1997
3,204,D,2417
4,204,E,2909
0,205,A,1114
1,205,B,1435
2,205,C,1729
3,205,D,1676
4,205,E,2352
0,203,A,1278
1,203,B,1431
2,203,C,1492
3,203,D,1756
4,203,E,2360
0,201,A,1761
1,201,B,1826
2,201,C,2073
3,201,D,2633
4,201,E,2615
0,202,A,990
1,202,B,1716
2,202,C,1735
3,202,D,2168
4,202,E,2331
0,200,A,2593
1,200,B,760
2,200,C,1828
3,200,D,1739
4,200,E,2714
0,198,A,1695
1,198,B,1621
2,198,C,2417
3,198,D,2869
4,198,E,2476
0,199,A,1037
1,199,B,1868
2,199,C,1795
3,199,D,1854
4,199,E,5000
0,196,A,1209
1,196,B,2084
2,196,C,2277
3,196,D,2898
4,196,E,2635
0,197,A,1554
1,197,B,1441
2,197,C,1329
3,197,D,2165
4,197,E,2578
0,195,A,1093
1,195,B,1312
2,195,C,1771
3,195,D,1954
4,195,E,2118
0,193,A,1786
1,193,B,2027
2,193,C,2329
3,193,D,3004
4,193,E,2925
0,194,A,1041
1,194,B,1307
2,194,C,1878
3,194,D,2225
4,194,E,2519
0,191,A,1477
1,191,B,1696
2,191,C,1879
3,191,D,2707
4,191,E,2233
0,192,A,1491
1,192,B,1277
2,192,C,1709
3,192,D,1972
4,192,E,2171
0,187,A,1504
1,187,B,1881
2,187,C,2068
3,187,D,2724
4,187,E,3050
0,189,A,1394
1,189,B,1350
2,189,C,1659
3,189,D,2052
4,189,E,2135
0,186,A,1325
1,186,B,1349
2,186,C,1504
3,186,D,1986
4,186,E,5000
0,178,A1,1083
1,178,A2,1083
2,178,A3,1278
3,178,B1,1564
4,178,B2,1601
5,178,B3,1760
6,178,C1,1531
7,178,C2,1870
8,178,C3,1881
9,178,D1,1520
10,178,D2,1980
11,178,D3,2064
12,178,E1,1870
13,178,E2,2005
14,178,E3,2241
15,178,F1,1887
16,178,F2,2251
17,178,F3,2422
0,180,A,1823
1,180,B,2350
2,180,C,1384
3,180,D,1889
4,180,E,1759
5,180,F,1251
0,177,A1,874
1,177,A2,898
2,177,B1,1115
3,177,B2,1296
4,177,C1,1517
5,177,C2,1548
6,177,D1,1267
7,177,D2,1537
8,177,E1,1719
9,177,E2,1942
10,177,F1,1825
11,177,F2,2486
12,177,G1,5000
13,177,G2,5000
0,176,A,1398
1,176,B,1759
2,176,C,2002
3,176,D,2420
4,176,E,5000
0,181,A,891
1,181,B,1393
2,181,C,1565
3,181,D,1981
4,181,E,2193
0,175,A,1476
1,175,B,1432
2,175,C,1647
3,175,D,2425
4,175,E,2644
5,175,F,5000
0,164,A,1764
1,164,B,2212
2,164,C,2347
3,164,D,3005
4,164,E,5000
0,174,A,1276
1,174,B,1578
2,174,C,1773
3,174,D,2057
4,174,E,2434
0,173,A,1258
1,173,B,1894
2,173,C,1876
3,173,D,2527
4,173,E,2568
0,167,A,1474
1,167,B,1933
2,167,C,2271
3,167,D,3049
4,167,E,2840
0,168,A,1052
1,168,B,1709
2,168,C,1633
3,168,D,2150
4,168,E,5000
0,163,A,1675
1,163,B,2300
2,163,C,2129
3,163,D,2974
4,163,E,2778
0,169,A,903
1,169,B,1243
2,169,C,1905
3,169,D,2443
4,169,E,2321
0,166,A,1313
1,166,B,2124
2,166,C,1531
3,166,D,2517
4,166,E,1599
0,165,A,1068
1,165,B,1554
2,165,C,1644
3,165,D,2137
4,165,E,2137
0,161,A,1387
1,161,B,1716
2,161,C,2407
3,161,D,1789
4,161,E,2474
0,160,A,1075
1,160,B,1278
2,160,C,1788
3,160,D,2366
4,160,E,2576
0,156,A,1807
1,156,B,1702
2,156,C,1969
3,156,D,2518
4,156,E,3040
0,157,A,1169
1,157,B,1087
2,157,C,1776
3,157,D,1888
4,157,E,2170
0,154,A,1647
1,154,B,1701
2,154,C,2386
3,154,D,2391
4,154,E,5000
0,155,A,875
1,155,B,1255
2,155,C,1749
3,155,D,1863
4,155,E,5000
0,152,A,1116
1,152,B,1348
2,152,C,1430
3,152,D,2753
4,152,E,2561
0,150,A,1597
1,150,B,1612
2,150,C,2246
3,150,D,2645
4,150,E,5000
0,151,A,907
1,151,B,1350
2,151,C,1698
3,151,D,1885
4,151,E,5000
0,149,A,1126
1,149,B,1679
2,149,C,1577
3,149,D,2144
4,149,E,2312
0,148,A,937
1,148,B,1557
2,148,C,1759
3,148,D,1853
4,148,E,2023
0,145,A,1263
1,145,B,1918
2,145,C,2152
3,145,D,3110
4,145,E,2379
0,146,A,1055
1,146,B,1358
2,146,C,1350
3,146,D,1938
4,146,E,2312
0,144,A,980
1,144,B,1362
2,144,C,1613
3,144,D,1936
4,144,E,2378
0,142,A,1660
1,142,B,1854
2,142,C,2265
3,142,D,2603
4,142,E,5000
0,143,A,1193
1,143,B,1296
2,143,C,1762
3,143,D,1949
4,143,E,2737
0,141,A,946
1,141,B,1494
2,141,C,1779
3,141,D,2403
4,141,E,2551
0,140,A,1719
1,140,B,1796
2,140,C,1844
3,140,D,1786
4,140,E,2757
5,140,F,2695
0,138,A,1695
1,138,B,1903
2,138,C,2165
3,138,D,2568
4,138,E,5000
0,139,A,1200
1,139,B,1608
2,139,C,1694
3,139,D,2194
4,139,E,2607
0,137,A,1120
1,137,B,1137
2,137,C,1562
3,137,D,1865
4,137,E,1984
0,135,A,1443
1,135,B,1677
2,135,C,1857
3,135,D,2545
4,135,E,2969
0,136,A,836
1,136,B,1218
2,136,C,1435
3,136,D,1731
4,136,E,2148
0,132,A,1146
1,132,B,2110
2,132,C,1812
3,132,D,2104
4,132,E,2792
0,133,A,1008
1,133,B,1242
2,133,C,1379
3,133,D,2037
4,133,E,2016
0,131,A,1216
1,131,B,1355
2,131,C,1552
3,131,D,1669
4,131,E,1835
5,131,F,2145
0,128,A,1439
1,128,B,2134
2,128,C,1940
3,128,D,2001
4,128,E,5000
0,129,A,823
1,129,B,1329
2,129,C,1595
3,129,D,2229
4,129,E,2105
0,126,A,2061
1,126,B,1845
2,126,C,2045
3,126,D,2293
4,126,E,5000
0,127,A,949
1,127,B,1244
2,127,C,2089
3,127,D,1916
4,127,E,2218
0,123,A,1628
1,123,B,1795
2,123,C,2340
3,123,D,2376
4,123,E,2749
0,124,A,1068
1,124,B,1469
2,124,C,1746
3,124,D,2020
4,124,E,2706
0,121,A,1352
1,121,B,1595
2,121,C,1920
3,121,D,2454
4,121,E,2422
0,122,A,1139
1,122,B,1220
2,122,C,1536
3,122,D,1760
4,122,E,2173
0,118,A,1116
1,118,B,1088
2,118,C,1904
3,118,D,1748
4,118,E,2057
0,117,A,1420
1,117,B,1840
2,117,C,2077
3,117,D,2560
4,117,E,5000
0,115,A,1328
1,115,B,1679
2,115,C,2170
3,115,D,2735
4,115,E,2470
0,116,A,876
1,116,B,1354
2,116,C,1454
3,116,D,1740
4,116,E,2353
0,113,A,1738
1,113,B,2189
2,113,C,2231
3,113,D,2812
4,113,E,2759
0,114,A,1237
1,114,B,1598
2,114,C,1783
3,114,D,2408
4,114,E,2408
0,111,A,1465
1,111,B,1827
2,111,C,2057
3,111,D,2400
4,111,E,5000
0,112,A,979
1,112,B,1300
2,112,C,1539
3,112,D,1869
4,112,E,2164
0,109,A,1056
1,109,B,1897
2,109,C,1918
3,109,D,2085
4,109,E,2955
0,110,A,835
1,110,B,1206
2,110,C,1305
3,110,D,2134
4,110,E,2069
0,107,A,1323
1,107,B,1644
2,107,C,2371
3,107,D,2427
4,107,E,2866
0,106,A,1230
1,106,B,1204
2,106,C,1711
3,106,D,1794
4,106,E,2664
0,105,A,1847
1,105,B,1793
2,105,C,2227
3,105,D,2832
4,105,E,2648
0,103,A,1128
1,103,B,1570
2,103,C,1928
3,103,D,2106
4,103,E,2844
0,104,A,978
1,104,B,1261
2,104,C,1661
3,104,D,2001
4,104,E,2250
0,101,A,1385
1,101,B,1823
2,101,C,2061
3,101,D,2306
4,101,E,2513
0,102,A,1341
1,102,B,1164
2,102,C,1455
3,102,D,2004
4,102,E,2258
0,97,A,2368
1,97,B,2305
2,97,C,2171
3,97,D,2682
4,97,E,5000
0,95,A,1689
1,95,B,2006
2,95,C,1885
3,95,D,2595
4,95,E,2486
0,96,A,1128
1,96,B,1424
2,96,C,1756
3,96,D,1970
4,96,E,5000
0,93,A,1699
1,93,B,1944
2,93,C,2380
3,93,D,2513
4,93,E,2580
0,94,A,1020
1,94,B,1331
2,94,C,1677
3,94,D,1971
4,94,E,2396
0,91,A,1485
1,91,B,1470
2,91,C,2168
3,91,D,2523
4,91,E,2537
0,92,A,891
1,92,B,1343
2,92,C,1657
3,92,D,1744
4,92,E,2290
0,89,A,1780
1,89,B,2186
2,89,C,2186
3,89,D,2370
4,89,E,5000
0,90,A,1068
1,90,B,1102
2,90,C,1834
3,90,D,2158
4,90,E,2218
0,87,A,1527
1,87,B,1772
2,87,C,1942
3,87,D,2312
4,87,E,2635
0,88,A,1234
1,88,B,1592
2,88,C,1544
3,88,D,1857
4,88,E,2229
0,86,A,1847
1,86,B,2241
2,86,C,2456
3,86,D,2786
4,86,E,2574
0,85,A,1355
1,85,B,1799
2,85,C,2150
3,85,D,2209
4,85,E,2608
0,83,A,1321
1,83,B,1844
2,83,C,2368
3,83,D,2335
4,83,E,2755
0,84,A,879
1,84,B,1433
2,84,C,1682
3,84,D,1989
4,84,E,2440
0,82,A,1118
1,82,B,1721
2,82,C,1957
3,82,D,1957
4,82,E,2504
0,81,A,1510
1,81,B,1754
2,81,C,1653
3,81,D,2019
4,81,E,2653
0,79,A,1352
1,79,B,1425
2,79,C,1839
3,79,D,2733
4,79,E,2978
0,78,A,1013
1,78,B,1184
2,78,C,1957
3,78,D,2416
4,78,E,2487
0,77,A,1476
1,77,B,1687
2,77,C,2061
3,77,D,2311
4,77,E,2646
0,80,A,1009
1,80,B,1197
2,80,C,1708
3,80,D,1869
4,80,E,2282
0,74,A,984
1,74,B,1553
2,74,C,1986
3,74,D,2293
4,74,E,2975
0,75,A,1195
1,75,B,1491
2,75,C,1689
3,75,D,2051
4,75,E,5000
0,73,A,1553
1,73,B,1958
2,73,C,1806
3,73,D,2244
4,73,E,2306
5,73,F,2964
0,71,A,833
1,71,B,1379
2,71,C,1575
3,71,D,2187
4,71,E,2226
0,70,A,1344
1,70,B,1630
2,70,C,2136
3,70,D,2598
4,70,E,2623
0,69,A,994
1,69,B,1272
2,69,C,1851
3,69,D,2059
4,69,E,1808
0,68,A,1077
1,68,B,1576
2,68,C,2124
3,68,D,2369
4,68,E,5000
0,67,A,1748
1,67,B,1722
2,67,C,2442
3,67,D,1808
4,67,E,2389
0,66,A,1371
1,66,B,1121
2,66,C,1758
3,66,D,1603
4,66,E,2040
0,65,A,1736
1,65,B,1626
2,65,C,2057
3,65,D,2134
4,65,E,5000
0,63,A,981
1,63,B,1189
2,63,C,1719
3,63,D,1846
4,63,E,2075
0,62,A,1113
1,62,B,1479
2,62,C,2111
3,62,D,2134
4,62,E,2612
0,61,A,803
1,61,B,1384
2,61,C,2000
3,61,D,1873
4,61,E,2184
0,60,A,1283
1,60,B,1363
2,60,C,2104
3,60,D,2426
4,60,E,2456
0,59,A,881
1,59,B,1271
2,59,C,1651
3,59,D,2050
4,59,E,2122
0,58,A,1057
1,58,B,1308
2,58,C,1743
3,58,D,1938
4,58,E,5000
0,57,A,1421
1,57,B,1552
2,57,C,1802
3,57,D,2443
4,57,E,2879
0,56,A,1211
1,56,B,1385
2,56,C,1724
3,56,D,2014
4,56,E,2170
0,55,A,1168
1,55,B,1529
2,55,C,1702
3,55,D,2325
4,55,E,2234
0,54,A,1284
1,54,B,1795
2,54,C,1870
3,54,D,2099
4,54,E,2571
0,53,A,1192
1,53,B,1826
2,53,C,1128
3,53,D,1482
4,53,E,5000
0,51,A,1266
1,51,B,1662
2,51,C,1807
3,51,D,2105
4,51,E,2251
5,51,F,2873
0,49,A,862
1,49,B,1553
2,49,C,1583
3,49,D,1650
4,49,E,5000
0,48,A,499
1,48,B,1059
2,48,C,1624
3,48,D,1325
4,48,E,2125
5,48,F,5000
6,48,G,5000
7,48,H,5000
0,47,A,874
1,47,B,1176
2,47,C,2023
3,47,D,1962
4,47,E,5000
0,46,A,815
1,46,B,1076
2,46,C,1478
3,46,D,1652
4,46,E,1738
5,46,F,2204
6,46,G,2397
0,43,A,1076
1,43,B,1182
2,43,C,1292
3,43,D,1829
4,43,E,2179
0,42,A,1436
1,42,B,1687
2,42,C,2107
3,42,D,2188
4,42,E,2600
0,41,A,1016
1,41,B,1429
2,41,C,1309
3,41,D,1930
4,41,E,1773
0,40,A,1312
1,40,B,1530
2,40,C,2130
3,40,D,2435
4,40,E,2329
0,38,A,892
1,38,B,1229
2,38,C,1318
3,38,D,1876
4,38,E,1681
5,38,F,2089
6,38,G,2247
7,38,H,2346
0,37,A,1000
1,37,B,1698
2,37,C,1722
3,37,D,2113
4,37,E,2473
0,36,A,1304
1,36,B,1442
2,36,C,2111
3,36,D,2027
4,36,E,2472
0,35,A,972
1,35,B,1609
2,35,C,1507
3,35,D,1605
4,35,E,2060
0,34,A,1046
1,34,B,1061
2,34,C,1372
3,34,D,1513
4,34,E,1907
0,33,A,1204
1,33,B,1707
2,33,C,1665
3,33,D,1878
4,33,E,2350
0,32,A,915
1,32,B,966
2,32,C,1651
3,32,D,1603
4,32,E,5000
0,31,A,1103
1,31,B,1532
2,31,C,1532
3,31,D,1802
4,31,E,2187
0,30,A,1438
1,30,B,1640
2,30,C,1677
3,30,D,2338
4,30,E,2523
0,29,A,952
1,29,B,1529
2,29,C,1581
3,29,D,1743
4,29,E,2336
0,28,A,1521
1,28,B,1467
2,28,C,1975
3,28,D,2233
4,28,E,5000
0,27,A,1317
1,27,B,1395
2,27,C,1688
3,27,D,1975
4,27,E,1938
0,26,A,1036
1,26,B,1308
2,26,C,1797
3,26,D,2154
4,26,E,2162
0,25,A,1017
1,25,B,1023
2,25,C,1656
3,25,D,1696
4,25,E,1978
0,24,A,1237
1,24,B,1389
2,24,C,1585
3,24,D,2123
4,24,E,2056
0,23,A,1025
1,23,B,1418
2,23,C,2171
3,23,D,2314
4,23,E,2230
0,22,A,831
1,22,B,1410
2,22,C,1528
3,22,D,1638
4,22,E,2267
0,19,A,1250
1,19,B,1674
2,19,C,1876
3,19,D,2466
4,19,E,2518
0,18,A,1373
1,18,B,1541
2,18,C,1232
3,18,D,1827
4,18,E,1994
0,17,A,958
1,17,B,1413
2,17,C,2237
3,17,D,2042
4,17,E,2588
0,16,A,938
1,16,B,1148
2,16,C,1519
3,16,D,1649
4,16,E,1851
0,14,A,1031
1,14,B,1261
2,14,C,1561
3,14,D,1837
4,14,E,1777
0,13,A,1021
1,13,B,1752
2,13,C,1861
3,13,D,2207
4,13,E,2498
0,12,A,920
1,12,B,1230
2,12,C,1254
3,12,D,1983
4,12,E,1923
0,10,A,1010
1,10,B,1407
2,10,C,1653
3,10,D,2383
4,10,E,2225
0,9,A,825
1,9,B,1348
2,9,C,1294
3,9,D,1735
4,9,E,2051
0,7,A,1147
1,7,B,1482
2,7,C,1606
3,7,D,1802
4,7,E,2198
0,6,A,1164
1,6,B,1253
2,6,C,1320
3,6,D,5000
4,6,E,1692
0,5,A,1029
1,5,B,1235
2,5,C,1580
3,5,D,1772
4,5,E,2070
0,4,A,1084
1,4,B,1344
2,4,C,1386
3,4,D,1679
0,3,A,1034
1,3,B,1553
2,3,C,1489
3,3,D,2088
0,2,A,1291
1,2,B,1621
2,2,C,2019
0,1,A,1201
1,1,B,1521
2,1,C,1645
