handle,rank,oldRating,newRating
AkashiSeijuro,1,1500,1767
hzwerhzwer,2,1500,1767
mxh3777,3,1500,1766
SunWukong,4,1500,1766
ruozha2,5,1500,1766
i_hate_t0nzuk,5,1500,1766
Zaphkiel,7,1500,1765
meteor,8,1500,1765
Touka,9,1489,1711
tau0,10,1559,1739
Goldelian,11,1506,1718
zld3794956,11,1500,1764
bright_moon,13,1500,1764
sancho,14,1591,1749
donvel,15,1415,1674
Woah,16,1303,1606
ACCE12138,17,1500,1763
yujingping,18,1581,1744
PTNK13091996,19,1677,1770
mhy12345,20,1693,1773
hncsyjc,21,1547,1731
Rowan.Lee,22,1535,1727
charlie04,23,1500,1761
xwind,23,1688,1771
qianyajing,25,1500,1761
k0st1a,26,1660,1763
Th_Ki_De,27,1500,1761
nhphuongltv,28,1624,1754
posettt,29,1500,1760
BIM,30,1500,1760
e-maxx.ru,31,1614,1750
1992.wuyou,32,1500,1759
coder03,33,1501,1710
santa_calus,34,1583,1740
changeitlater,35,1500,1758
chenhong,36,1500,1758
Mrone,37,1566,1733
xtrome,38,1613,1747
VukVukovic,39,1285,1589
venkat82,40,1671,1761
arturas,41,1635,1752
HypervelocityStar,42,1500,1757
SneakyAdolf,43,1500,1756
yzy,44,1602,1742
lzy,45,1401,1659
sid12,46,1651,1754
EKGMA,47,1626,1748
WeissBlume,48,1621,1746
pupiler,49,1500,1755
echo80313,50,1603,1740
reality420,51,1676,1757
Yanba,52,1500,1754
silly_girl,53,1690,1759
tilyupo,54,1675,1756
dennisdaslim,55,1686,1758
softmob,56,1654,1751
RatingBooster_4,57,1500,1753
1756500824,58,1575,1730
shato,59,1646,1748
BIV,60,1624,1743
MelikeYILDIZ_fan,61,1500,1752
waItz7l9,61,1500,1752
thiagocarvp,63,1604,1737
nick_name,64,1573,1727
Hesham.Elkhatib,65,1618,1740
1NCID3R,66,1457,1682
lxw,67,1692,1754
Sippy,68,1677,1751
qcuong98,69,1552,1719
glib,70,1674,1750
harshil,71,1623,1739
alecsyde,71,1619,1738
mibig,71,1591,1730
poma.prs,74,1612,1735
koamy,75,1592,1729
FYQuah,76,1514,1703
basilio,77,1564,1720
xiaoxin3,78,1500,1748
Final_Proud,78,1657,1744
raihanruhin,80,1586,1726
duangoi,81,1500,1747
a_g2009,82,1680,1746
XC_KiwiCherry,83,1619,1734
mahdi_r,84,1678,1745
2013300262,85,1630,1736
muratakburak,86,1688,1746
Baba,87,1681,1744
golEEE,88,1500,1745
gerw,89,1505,1696
jopiko123,90,1500,1745
stugots,91,1649,1738
mohamednabil00000,92,1597,1725
354898002,93,1640,1735
Emerson,94,1685,1742
arsijo,95,1699,1744
erzhan,96,1582,1720
sgirl,97,1521,1700
TheLegend27,98,1632,1731
NguyenSon,98,1511,1696
KeyKia,100,1629,1730
mahbubcseju,101,1626,1729
Dark_flame,102,1692,1740
VectorChange,103,1500,1742
maomaoyu,104,1569,1714
alanM,105,1686,1738
codersrikant,106,1682,1737
19tuanbi97,107,1500,1741
WeMadeFox,108,1500,1741
wotok,109,1530,1700
An4ik.D,110,1695,1738
jackal02,111,1540,1703
0o_o0,112,1449,1667
aditya_kakarot,113,1678,1734
zhoujiahui,113,1579,1714
SVK.Jr,115,1645,1728
Hobbits,116,1500,1739
poursoul,117,1654,1729
ShiXingxing21,118,1500,1738
bigroadaz,119,1611,1720
ergfdhfdage,120,1500,1738
rajon_aust,121,1677,1731
Zvigintsev,122,1625,1722
piggyver,122,1500,1737
oiIover,124,1500,1737
TONYTRAN,125,1579,1710
ekijewski,126,1560,1704
slelaron,127,1630,1721
Allanur,128,1661,1726
Dark-knight,129,1663,1726
dcod,129,1671,1727
day_day_up,131,1481,1676
faisal47,131,1588,1710
medrek,133,1366,1620
Stupid-Dog,133,1636,1720
KhaledKEE,135,1556,1701
koders,136,1497,1681
e19-un,137,1457,1664
matheusataidee,138,1640,1719
peryaudo,139,1366,1619
slowlight,139,1566,1702
Shavkat_Aminov,141,1680,1723
1234567891,141,1588,1707
shahriar_lu,143,1425,1648
lienus,144,1636,1716
Iti,144,1663,1720
wzcjj,146,1436,1653
atyetti,146,1699,1723
ameolp,148,1559,1697
techboy,149,1617,1711
Wikioi_bai,150,1575,1701
Duxar,151,1672,1719
amalek,152,1541,1691
shantanushanto,153,1643,1714
u1024,154,1678,1718
MoRandi91,155,1691,1719
Rex-myFriendForever,156,1519,1683
khaleesi,157,1602,1705
hnshhslsh,158,1556,1694
chamhetlc,159,1353,1607
SUNXIN,160,1599,1703
cubix651,161,1610,1705
innok96,162,1635,1710
mhadih,162,1648,1712
tourer,162,1585,1700
mamad1377,165,1620,1706
filipe.zhou,166,1678,1714
ahmedhamed,167,1620,1705
tsiki,168,1529,1683
ilya_ust,169,1644,1708
legar,170,1615,1703
zhyfzy,171,1603,1701
inakolithsihsa,172,1609,1702
amlansaha,172,1668,1711
Philae,174,1538,1684
emalgorithm,175,1506,1673
Alone_L,176,1504,1672
LyricSeraph,177,1672,1709
vector96,178,1570,1691
grv95,179,1510,1674
sChowdhuryD,179,1008,1336
lauer,181,1614,1700
kirill146,182,1676,1707
ASK_YI,183,1483,1663
imprtant,184,1621,1700
CchOOlak,185,1667,1705
AnotherOneRandomGuy,186,1559,1686
cctt,187,1550,1683
abdou_93,188,1575,1690
almizaar,189,1659,1703
emm,190,1535,1678
timurtibeyev,191,1517,1673
GuanLan,192,1352,1599
131121,193,1594,1692
sahasumit288,193,1532,1676
ygv17,195,1500,1719
katan,196,1473,1656
shikharid,197,1541,1678
asharma.iiita,198,1561,1683
Darooha,199,1681,1701
Wonka,200,1458,1649
PrakharJain,201,1591,1689
nikiror,202,1462,1650
theDarkKnightRises,203,1651,1697
3d510,204,1418,1630
alex_bucevschi,205,1634,1694
poop,206,1630,1694
Apt,207,1656,1696
robinyu,208,1420,1630
shakti11094,209,1617,1691
g656574180,210,1554,1678
wmg_is_really_imba,211,1500,1716
ye7ia,212,1603,1687
mahmud2690,213,1565,1679
Xephy,214,1691,1696
Evio,215,1500,1715
DeaphetS,216,1645,1692
Juve45,217,1606,1686
Evensgn,218,1698,1695
Holygod,219,1500,1714
dwoolley3,220,1606,1685
cactusman,221,1500,1713
HXY,221,1545,1672
New_AgeII,223,1604,1684
Walid_Amin,223,1634,1688
good_good_study,225,1502,1658
luminous11,226,1485,1652
Spider004,227,935,1259
I_LOVE_MUNIRA,228,1500,1712
rarescheseli,229,1388,1610
Abdcan,230,1303,1562
PieceOfCode,231,1471,1646
Mohamed_Ayman,231,1426,1627
abc3141,233,1692,1689
kier.guevara,234,1604,1680
Ghazvini,235,1500,1710
TheMaverick,236,1544,1667
kubusgol,237,1615,1681
xiaowei,238,1624,1682
Zamulov,239,1595,1677
bright_star,240,1500,1709
Mohamed-Khaled,240,1429,1627
maddman,242,1448,1634
navruzjon,243,1341,1582
OmarHashim,244,1481,1646
threepipes_s,244,1633,1681
Grand,246,1566,1669
aka_007,246,1584,1673
Punter,248,1523,1658
liwww,249,1477,1643
phantom002,250,1624,1678
Dr.Hulk,250,1672,1681
837951602,252,1500,1706
abcivashritt,253,1353,1586
Antonov,254,1496,1649
forcer,255,1396,1608
nemzs,255,1644,1678
Ahmed_Morsy,257,1697,1680
rng__58,258,1552,1663
kalpjain,259,1634,1675
McCrea,259,1553,1663
danft,261,1699,1678
dergachev,262,1506,1649
rajat1603,263,1621,1673
eXeP,264,1649,1675
Nurseiit,265,1308,1558
mathturbator,265,1648,1675
Vider,265,1634,1673
thomaspinetz,268,1656,1674
Toshad,268,1181,1469
ymondelo30,270,1500,1701
cfjmonkey,271,1441,1624
mathhislife,271,1693,1674
Stratonov,273,1630,1670
2279544550,274,1440,1623
khaledA,274,1506,1646
sourabh1024,274,1346,1578
Teshnizi,277,1476,1636
tottoripaper,277,1585,1663
sametgovercile,277,1500,1700
subway,277,1680,1672
sumanthbharan,281,1439,1621
Shark,281,1659,1669
Zulkarnaev,281,1434,1619
sanban,284,1522,1648
darksta5,284,1612,1665
RoyaLKoninA,284,1476,1634
some_snek_step,284,1560,1657
dirtyword,288,1686,1668
rvisser,289,1586,1660
roiti46,289,1677,1667
devendra_iiti,291,1653,1665
gbuenoandrade,292,1636,1664
rex321,292,1595,1660
SpiriFlaviu,294,1525,1646
fluxay,294,1652,1664
mystery_boy,294,1612,1661
warrenwangtennis001,297,1552,1651
thezodiac1994,297,1601,1659
noor148,299,1623,1661
diptesh1ce3,300,1613,1660
dario-dsa,301,1647,1661
escepta,302,1698,1661
Amankos_R,302,1581,1655
Moamen_Saeed,302,1618,1659
DJiGIT,302,1699,1661
mishraiiit,306,1690,1660
khoaipxse02933,306,1498,1635
kostyaMYR,306,1449,1619
pranjalranjan,306,1520,1641
vmrajas,310,1657,1658
BaqablH,311,1490,1631
incruator,311,1573,1651
mochow,313,1576,1651
andreiblaj17,313,1290,1537
nandema,315,1573,1650
Shulik,315,1537,1643
Omar_Mekkawy,315,1596,1653
blaz1ngra1n,315,1480,1627
MarinKnezevic,319,1651,1655
taxicoo,319,1694,1655
saurabh_kadian,319,1274,1526
mr_jigsaw,319,1505,1634
emotionles,319,1685,1655
tah,324,1540,1641
bestwillcui,325,1382,1585
peto159,325,1419,1602
amanmittal,325,1530,1638
Sonechko,328,1319,1551
tyagi,328,1591,1648
mrkam,328,1539,1639
nona1314,331,1528,1636
Pathway,331,1652,1652
VujaJoker,331,1461,1616
anandpatel9998,334,1424,1602
ac_magician,334,1438,1607
darren,334,1570,1643
rakeen,334,1267,1518
gabet,334,1400,1592
thecodekaiser,339,1384,1583
XiangMeng,339,1500,1684
junking,339,1172,1450
HooF,342,1522,1632
yashv,342,1554,1638
a_bekzat,342,1486,1622
doublefuck,345,1531,1633
banditul,346,1243,1500
saltykovshedryn,346,1600,1643
MagedMilad,348,1351,1565
mayoko,348,1689,1644
IMAM_9_AIS,348,1364,1571
Mohammad_Ali,348,1500,1682
amachaidze,348,1199,1468
shuvokr,353,1665,1643
murilogbr,353,1505,1624
KhaledMuhammad,353,1592,1640
Agabek,356,1636,1642
egor.zhdan,356,1598,1640
Niko72,356,1675,1642
Criminal_Leopard,356,1379,1577
ibrahim_habib,356,1598,1640
OmaeWaMouShenDeiru,356,1567,1636
paw,356,1678,1641
ash,363,1391,1581
descrip,363,1509,1623
vipul007ravi,363,1676,1639
vacuous,366,1699,1647
kuuso,366,1626,1638
rafalm,366,1638,1638
kungfu_panda,366,1666,1638
pocketsuteado,366,1521,1624
zhabo,366,1676,1638
Nada,372,1625,1636
xunyicao_garden,372,1500,1677
i_algys,372,1500,1677
trumpfan,375,1461,1605
Adhambek,375,1629,1635
artem1416,375,1667,1635
takeCare,378,1664,1634
popelaa6666,378,1504,1617
Truncourist,380,1542,1625
P.G,380,1354,1559
karklenator,380,1597,1632
msstar,383,1638,1633
tapan0007,383,1583,1630
hodaKhaled,383,1581,1629
khokho,383,1676,1631
Hrach,383,1435,1594
_777_,388,1433,1592
KiAsaGibona,388,1682,1633
Farsid,388,1615,1630
sourabh912,388,1642,1631
lan496,388,1407,1582
its_jarvis,388,1500,1673
ei133333,394,1677,1630
sunny_girl,394,1367,1563
AndreaB330,394,1379,1568
RealMadrid,394,1485,1608
FailTurtle,398,1384,1570
akshay15894,398,1192,1454
pulkit_180894,398,1504,1612
ignas,398,1476,1604
wowoto9772,402,1380,1567
Dinivity,402,1359,1557
artm,402,1598,1625
dogumusasi,405,1618,1625
Tigerrrrr,406,1492,1607
MaxPylypovych,406,1574,1622
galloska,406,1520,1613
mindbeats,406,1608,1624
yevhenii44,410,1683,1631
a.fathy,410,1565,1619
prakhar2082,410,1544,1616
Sirojiddin,410,1514,1611
fengsuiyan,414,1568,1619
exqt,414,1664,1621
cowboy,414,1474,1600
CodeForceps,414,1612,1622
No_mercy_,414,1610,1622
zzx898,414,1408,1576
AkameGaKill,414,1500,1666
Dubzzy,421,1422,1580
priyanka_14,421,1564,1616
TooCrAzY,423,1500,1664
force_code,423,1473,1597
thewildnath,425,1650,1618
yarak,426,1547,1612
mpsbotelho,426,1302,1521
aravi1995,426,1293,1516
ganeshk2,429,1576,1615
lamiaa.abdelaziz,429,1366,1554
Dounm,431,1500,1662
master-yoda,431,1549,1611
mrolympia,433,1373,1557
manu1311,433,1657,1614
ayushbgl,433,1524,1606
gotofish,436,1666,1617
calincru,437,1469,1592
Felix_Mate,437,1467,1591
mmapp,437,1500,1661
Ra1nWarden,440,1691,1633
adnim7,440,1394,1565
Moemen95,440,1595,1613
Hank0001,440,1446,1584
1D726,440,1589,1612
pelak,440,1625,1614
sohelcseiu,440,1396,1565
wi.secret,447,1500,1658
laluyadav,447,1650,1610
tmdautov,447,831,1122
prateeksinghal,447,1448,1583
qq11111qqwo,451,1634,1610
aliiitarek,451,1559,1606
Coolness,453,1423,1573
sharu,453,1542,1604
abhid95,453,1449,1582
Nastaran75,453,1537,1603
I_love_tigerrrrr,457,1587,1607
3---Dd8,457,1555,1604
zig.zak,457,1455,1583
sand-martin,457,1643,1607
bishwa_sust,461,1624,1606
sagarkaniche,461,1646,1605
yajun,463,1562,1603
rsFalse,463,1608,1606
goncharovK,463,1545,1601
sogun,463,1436,1575
swissknife007,467,1685,1626
Spark002,467,1593,1604
nazmul_islam,467,1495,1591
glasirius,467,1584,1603
ick2,467,1508,1594
TheDarthvader,467,1420,1569
vks,467,1447,1578
simone.delmonte92,467,1379,1552
sayan1994,475,1279,1498
quandum,475,1554,1599
Tunix,475,1623,1602
dhenp,475,1586,1601
N1amr,479,1531,1594
badeaadi,479,1514,1592
CodeItLikeAidos,479,1526,1594
i_love_vasily,479,1060,1334
mosa26,479,1662,1609
Kamenev,479,1407,1561
-AKram-,479,1240,1472
AntonDevil,479,1402,1559
lmaia,479,1463,1580
cormoran,479,1585,1600
Campaigner,479,1384,1551
flashfire,490,1220,1457
2013303418,490,1511,1588
lifecodemohit,490,1520,1590
SebinKim,493,1688,1625
Ostrovski,494,1383,1547
rohansuri,494,1528,1590
Ahmed_Dinar,494,1354,1534
Hiken,494,1196,1439
shivam_isc,494,1423,1563
catawar2,499,1638,1593
dthreatz,499,1302,1506
bfshm,499,1431,1565
Phoenix,499,1024,1299
Aysulu,499,1611,1594
h_thies,504,1561,1591
Sylveon,504,1500,1645
sammyh27,504,1500,1645
coda,507,1381,1544
.1.,508,1322,1515
vishwamangal,508,1150,1402
agr.bhavesh,508,1438,1565
alamin_sust,511,1578,1589
Qalib_Sarayev,512,1525,1584
adsasdsda,512,1500,1643
nanu,512,1489,1578
pranjalr34,512,1581,1589
karthickmj,512,1402,1551
contradiction,512,1464,1572
shubhamsaxena,518,1665,1607
simplecode,518,1500,1641
graszka22,518,1666,1608
TonyStark,518,1194,1433
quailty,522,1659,1602
gingerbread,522,1422,1556
Leniwwwiy,524,1356,1529
godmar,524,1539,1583
broomrider,526,1619,1585
MrLucky,526,1179,1421
mowji,526,1494,1575
Kerim.K,529,1376,1537
luke28,529,1584,1584
hippie,529,1456,1565
jay_walker,529,1325,1512
misha2259,533,1437,1558
S.Saqib,533,1617,1582
lioasdfghjkl,533,1560,1582
ramesh92,533,1314,1506
iKid.Hades,533,1451,1563
madara_uchiha,533,1500,1637
Bolotin_Daniil,539,1540,1578
Seyfert,539,1248,1466
The_Blitz,539,1611,1581
silvermist,542,1343,1518
last_fight_love_hyojoo,542,1350,1522
CHEATBEATER,542,1615,1579
Used_ToBe,545,1500,1634
windautume,545,1327,1510
koprus77,545,1605,1579
wilcot,545,1673,1610
I_Love_YB,545,1500,1634
donjuanpunchman,545,1613,1579
aspi,551,1573,1577
codeit22,551,1548,1575
walkhorse,551,1670,1607
quakerzyq,551,1568,1577
davisissac22,555,1560,1575
GuralTOO,555,1282,1483
minhduc150496,555,1553,1575
RHCP,558,1455,1557
jackal_1586,558,1681,1614
kbnzlevy,558,1650,1593
asifruetcse10,561,1589,1574
wiedzmac,561,1500,1631
ciocan_catalin,561,1329,1507
maged,561,1402,1540
hyoussef,565,1539,1571
_MgM_,565,1512,1568
olee12,565,1507,1567
manetsus,568,1637,1583
nirob_mh,568,1536,1570
M_H_M,568,1567,1571
jaskamalkainth,568,1413,1542
jomatt,572,1359,1519
EhtRalpmet,572,1459,1555
Tangled,572,1370,1524
henyumen,572,1435,1548
nicky_ua,572,1489,1562
Hail_Storm,577,1542,1567
izat,577,1614,1569
eshil.sn,577,1654,1594
ashish1610,577,1681,1612
deepak2015,577,1383,1529
Majid,577,1518,1565
jmk,577,1404,1537
kkyu,584,1592,1567
704246158,584,1401,1534
seirion,586,1393,1530
huansuz1,586,1553,1565
PerryG,586,1530,1564
nc.duy,589,1603,1565
ediston,589,1507,1560
Dimi,589,1635,1580
manipalsingh,592,1234,1447
degosit,592,1399,1531
shiroikoi,592,1694,1620
arpit92k,595,1597,1563
new_handle,595,1461,1550
duckladydinh,595,1627,1574
EdgarJan,595,1211,1431
ronisds,595,1490,1556
uuuuuu,595,1697,1622
shivamkakkar,595,1456,1548
Not_Out,595,1537,1562
Jobayer__,603,1316,1492
pranav_is_cool,603,1487,1553
strawbreey,603,1479,1552
agw,603,1578,1562
Zheka,603,1409,1532
drake14,603,1481,1552
laozhangxiaoY,603,1626,1572
Morgan_HackProg,603,1591,1561
hossain.ruetcse,603,1528,1559
eusyo123,612,1453,1543
BezrA,612,1507,1554
ehsanoo,612,1615,1564
greedyman,612,1500,1618
kik11,612,1417,1533
71.mamun,612,1405,1529
LeMuS_TPX,618,1613,1562
Imanium,618,1493,1550
squee_sp00n,618,1592,1556
codeshubh,618,1690,1615
Nuadra,618,1505,1552
HLD,618,1561,1557
blackA2,618,1579,1557
startcpp,618,1661,1595
wicked,626,1582,1554
zjwoody,626,1573,1554
Kirito.LVL99,628,1252,1451
vishack7,628,1500,1614
manrajsingh,628,1364,1509
GreenOrchids,631,1470,1542
pratikvasa,631,1654,1589
tribonacci,631,1387,1518
helderrocha,631,1489,1546
Raywzy,631,1698,1620
obidan,636,1369,1510
keshavnandan,636,1519,1549
Elk-Cloner,636,1592,1551
newcoderr,636,1684,1609
maitony,636,1530,1550
VirrageS,641,1606,1555
shadowfax,641,1315,1484
SherifWaly,641,1184,1403
whatever1,641,1484,1542
mudit0201,645,1521,1546
cqsh3vj3,645,1500,1610
hrishikeshv,647,1634,1573
ayushgarg,648,1531,1546
Zalat,648,1420,1525
00h00h00h,648,1541,1547
sgsurya,651,1450,1533
sunnus,651,1405,1520
fmi.buzu.tudor67,651,1560,1547
merdogan,651,1500,1609
Kaidul,655,1431,1527
hexiecs,655,1539,1545
MrFantastik,655,1510,1542
See_what_I_Become_soon,655,1612,1558
kevalya,659,1356,1499
aybek_dzh,660,1500,1607
bondoc73,660,1582,1543
YoussefYN,660,1426,1524
belowthebelt,660,1603,1551
shubhamprasad,660,1493,1539
Mafi.,660,1215,1421
A_R_M_A_N,666,1329,1485
wozszym,666,1558,1543
Tung_Duong,668,1482,1535
alexandru.ghergut,668,1478,1534
mostafa888,668,1687,1609
SmileDog,668,1216,1420
fircocs,668,1282,1460
vatsalchanana,673,1681,1604
nursation,673,1500,1604
radudoros,673,1559,1541
nielswiles,673,1492,1535
JIBANCANYANG,673,1314,1476
mohammad.k,678,1437,1523
HowardChung,678,1437,1523
LaserBoy,678,1465,1529
mtf,681,1524,1536
Bekmyrat.A,681,1526,1537
hld67890,681,1644,1577
vsri293,681,1601,1548
coder1748431,685,1421,1517
Asp8,685,1240,1432
raivekhan,685,1488,1531
iamquang1508,688,1531,1535
zjor,688,1458,1525
Disintegrator,690,1691,1610
Vid325,690,1308,1470
gaoxiang36999,690,1671,1596
omar23,690,1363,1495
misafir,694,1544,1534
modiz,694,1564,1534
hirayami,696,1622,1561
drsr,696,1396,1506
ruvamu,696,1530,1532
MRoy,696,1397,1506
Rgvs,700,1369,1495
prashantgolu,700,1515,1530
sr6,700,1566,1532
Eduard1998,703,1454,1521
RunningPhoton,703,1324,1475
Oh2,703,1615,1555
8uk.8ak,703,1375,1497
WeaverOrFeed,703,1627,1563
Sherif.Magdy,703,1161,1376
dev8546,703,1492,1527
shashank201101193,710,1656,1583
badmood,710,1429,1513
reijnnn,710,1561,1529
kietchau,710,1283,1453
RReborn,710,1465,1521
qiaoranpenxiang,715,1612,1552
PolyProgrammist,715,1455,1518
Always_BaoJia,715,1564,1527
saikiranboga11,715,1511,1526
orailly,715,1590,1537
abhinavc,715,1589,1537
siddv,721,1330,1474
drack3800,721,1282,1450
NineT,723,1479,1520
meashish,723,1519,1524
loneRanger,723,1629,1563
code_tourist,723,1467,1518
Novik_D,727,1586,1534
Sandmann,727,1500,1590
xixixi,727,1494,1521
eloise,727,1627,1561
KAI10,731,1473,1517
bayram98,731,1446,1512
fm002,731,1555,1523
slitvinov,734,1615,1553
Hussein_Reda,734,1510,1521
Abdallah,734,1121,1340
M.Naderi,737,1440,1509
csa.mukesh,737,1500,1588
BRAD_BIT,737,1374,1489
skull_crusher,737,1497,1519
amgh,741,1672,1592
SouthRa,742,1409,1499
sean617,742,1406,1499
Spirit_of_the_moon,742,1437,1507
timothygk,745,1430,1505
mavd09,745,1523,1519
internom,745,1654,1579
darksider,745,1498,1517
tarun111,745,1357,1481
Chlerry,745,1636,1566
_PeTruS_,745,1444,1508
zzb111,745,1525,1519
flash_7,753,1530,1517
simple.simon,753,1563,1517
pheonix123,753,1485,1513
curiousguy13,753,1338,1471
ritesh_malav,753,1537,1517
sinasadi,753,1631,1562
Islam.Abdo,759,1423,1499
ErzhaNN,759,1591,1534
after,761,1576,1524
Dream_Chaser,761,1408,1495
sonjoydabnath,761,1363,1480
pppbbb,764,1556,1513
masud690,764,1256,1427
ragnarok0211,764,1319,1460
stoptryharding,764,1618,1552
_Broken_,768,1382,1485
LiaoJingyi,768,1454,1504
kunal_rocks,768,1624,1556
echo_said,768,1500,1580
Neodym,768,1582,1527
kinhkhunglong99,768,1225,1407
Nov1,768,1405,1492
Crixus,775,1273,1434
JanFan,775,1384,1484
THAT70sSHOW,775,1452,1502
FrankGuo11,775,1500,1579
justinz2018,779,1498,1508
vishveshoza4,779,1324,1459
vlad8,781,1576,1522
docodon,781,1532,1509
I_Love_Ginger,783,1363,1475
China_Dragon,783,1242,1415
vishal1754,783,1291,1442
IceCocoa,783,1564,1514
ani,787,1435,1496
xtu1011,788,1331,1460
Erona,788,1604,1540
MinWoo,788,1594,1533
wenshijie,791,1694,1604
admjgptw1357,791,1377,1478
abid1,793,1511,1505
Mocni_Nikola_Mandic,793,1500,1574
baba26,795,1637,1563
mamun4122,795,1465,1499
Corvo,795,1400,1484
virresh,798,1500,1573
merrychap,798,1384,1479
Phobophobia,798,1310,1449
Karthik21996,801,1468,1498
Tahsin24,801,1101,1313
_harun,801,1182,1373
sensiblemadman,804,1431,1490
aj95,804,1400,1482
hehe.xgw,804,1695,1604
Mahmudul_Tushar,804,1237,1407
pritamprakash,804,1587,1527
Yo_Atom,809,1500,1570
hhuuson97,809,1625,1554
Swiftblade,809,1567,1513
nishanth_v,812,1515,1500
wust_silence,812,1244,1410
llgyc,812,1589,1528
day_and_night,812,1455,1493
meihualu,816,1492,1497
LeCaRiBoU,816,1631,1557
gargankur74,816,1263,1420
Tanay1998,816,1547,1500
mshokry10,816,1558,1507
20171231,816,1526,1499
zhengmingcan,816,1490,1497
prith,816,1549,1501
PPTX,824,1362,1465
zeus07,824,1361,1465
moser,824,1323,1449
AymanZaki,824,1185,1371
happyman,824,1499,1496
anshkhanna7,829,1480,1492
susobhang70,829,1206,1383
yangsyp727,831,1350,1459
pyramidsnail,831,1237,1402
Emruz_Hossain,831,1530,1495
ajhel,834,1156,1348
timmychiang,834,1394,1474
cxkejcn,834,1500,1564
yanaz,837,1597,1531
Snowdrop,837,1250,1409
ortus,837,1430,1371
peaceful_warrior,837,1510,1493
wumaodang,837,1534,1493
tkzw_21,842,1575,1516
cenariusxz,842,1643,1564
Elbrolosy,842,1185,1367
Shintaku,845,1370,1464
ronaldo_719,846,1500,1562
Farsan,847,1450,1484
sanketM,847,1500,1561
sampriti,847,1590,1526
0lkeh,847,1355,1458
AminAnvari,847,1601,1534
asd130530,847,1450,1484
optimus_nishant,853,1362,1459
hatim009,853,1499,1489
horojyk,853,1321,1442
.OOO.,853,1309,1437
George_Patton,857,1313,1438
OmarYousry,858,1196,1372
gdh,858,1500,1559
Nicky,858,1191,1368
user.sergey.b,858,1419,1475
ashipma,862,1500,1558
long_wave,862,1341,1449
Achilles_96,862,1503,1487
Petar.Zuljevic,862,1250,1404
MiteshAgrawal,866,1593,1526
minhnhat,866,1656,1572
MRedor,868,1473,1482
Mano,868,1586,1521
sultan.of.swing,868,1543,1492
never_gonefan,868,1439,1477
firat,868,1302,1430
dikshant001,868,1437,1476
Farhod_Farmon,868,1606,1536
rushilpaul,875,1415,1470
calmhandtitan,875,1593,1526
ShalinShah28,875,1399,1466
rusty_mayank,875,1696,1604
lrahul7,875,1595,1527
abaddon666,875,1373,1458
VVI,875,1540,1490
zigyasu,882,1271,1412
201313137126,883,1500,1553
cdexswzaq123,883,1471,1478
gautambathla,883,1419,1469
shukranttyagi,883,1373,1456
ClearMind,887,1638,1557
Farziddin,888,1480,1478
head_down,888,1500,1552
xavihernandez,890,1424,1469
tjandbj,891,1500,1551
shubhamvijay,891,1547,1493
sujaykr,891,1546,1492
gnull,894,1631,1552
temka_brain,895,1500,1550
pwliao,895,1613,1539
Astreb,895,1589,1521
modrekiladze,898,1386,1457
Bardell,898,1500,1549
_Tachibana_Kanade_,898,1617,1541
tahmidhamim,901,1672,1581
BrandNewXP,902,1500,1548
CSerxy,902,1346,1442
songman,902,1558,1499
the_silliest,905,1496,1475
KARM,905,1612,1537
heuristic,905,1477,1474
jeslev4,908,1613,1538
_Madiyar,908,1598,1527
remusmihai07,908,1402,1459
bhargav104,911,1473,1472
mahdiman,911,1177,1349
h.nejat,911,1325,1432
mikle111,911,1500,1546
thequickfox,911,1603,1530
phankhai,916,1593,1523
mketa,916,1467,1469
manatea,916,1593,1523
ChandraBhan,919,1387,1452
wesam_adel,919,1470,1469
RUET_CRAZY_MINIONS,919,1218,1374
squirt505,919,1476,1470
Lavendershi,919,1484,1470
Skr379,919,1405,1457
ilim,925,1462,1466
Krishna,925,1528,1477
junayedmahmud,925,1076,1272
aeakdogan,925,1662,1572
F.H.N.98,925,1664,1573
mohamed.mehany,930,1506,1468
Darek_,930,1447,1463
Shayan.To,930,1524,1474
smellyMonkey,930,1641,1556
RahulArora,930,1383,1449
ericleoo,930,1234,1382
archu.aspa,930,1288,1411
q234rty,937,1500,1540
Malz,937,1500,1540
shubham_466,937,1458,1463
shaman_1,940,1500,1539
henviso,940,1687,1596
I_fucked_Cristina_Melnic,942,1427,1457
bogdanboboc97,943,1487,1464
aboulkheir,943,1689,1597
Cheshulko,943,1592,1520
bitesshadow,943,1500,1538
hepic1,947,1530,1476
LochNess,947,1546,1487
7thHokage,947,855,1071
daljeet044,950,1323,1423
d1d3,950,1535,1479
Er_fun,950,1597,1523
ArcS,950,1270,1398
Skyshirk,950,1538,1482
b0yka,955,1345,1430
dhandapani_it,955,1205,1359
eycia,955,1520,1469
Fionacat,958,1403,1447
_1_incognito_1_,959,871,1085
Sandeep_Singh_Chhabada,959,1341,1428
izhari,961,1220,1368
tatara,961,1518,1467
What_is_life,961,1356,1433
hloya_ygrt,961,1318,1418
lanzi,965,1395,1444
walker96,965,1243,1380
baqargam,965,1421,1450
rvkonovalov,968,1640,1553
almer,968,1457,1456
Rahmandretop,968,1576,1507
FARAD,968,1495,1458
moqsad,968,1524,1471
Musin,968,1332,1423
hollycane,974,1352,1429
acm_poppy,974,1513,1463
WhatIsLove,976,1452,1452
Hytai,976,1189,1345
tokuchi,976,1585,1513
Surchanius,976,1396,1442
mlilliah642,976,1206,1356
terjanq,976,1460,1454
prabh27,982,1322,1416
kid_de,982,1584,1512
A_Navie_Moer,982,1606,1528
phynotape,982,1611,1531
suigingin,986,1530,1473
placid,986,1043,1235
Richard_yang,986,1384,1436
prasoon.gangwar,986,1240,1374
DenisM,990,1590,1515
mostafa_thabet,990,1306,1407
Pauey,990,1668,1577
dmitry74,993,1494,1451
o_mic,993,1580,1508
howcum,993,1183,1338
alicezhang05,993,1391,1436
waMachine,993,1496,1451
Apoptoxin,993,1548,1485
anti_WR,999,1019,1213
samurai_hack,1000,1500,1524
Stealthbreed,1000,1556,1490
GEOTCBRL,1002,1542,1480
hypothesist,1002,1423,1441
anac,1004,1423,1441
soli,1004,1298,1401
thefarzibruno,1004,1383,1432
neu20113248,1007,1590,1514
CodeTamer,1007,1316,1408
crazytim,1007,1452,1445
I_loved_Priscilla_Mislay,1007,1432,1442
kuroko,1011,1427,1440
Coccinus,1011,1555,1489
Abdelrahman22,1011,1680,1589
sairamch04,1011,1468,1445
Kaum,1011,1479,1446
anup_coder,1016,1121,1291
Pussy_penetrator,1016,1536,1475
mjuric,1016,1222,1358
prasang,1016,1231,1364
abhiraj26,1016,1438,1440
a.goqadze,1016,1600,1521
abcde12345,1022,1573,1501
sunset1995,1022,1500,1519
mejbah,1022,1332,1411
secretbit,1022,1500,1519
Esuhi,1022,1488,1443
renegade_warrior,1027,1574,1501
kzanmos,1027,1500,1518
Singledog,1029,1500,1517
ankit.singh,1030,1275,1384
iMind,1030,1232,1361
masquerade0324,1030,1403,1431
Jacksonn,1033,1387,1426
knowl,1033,1681,1590
Dearg,1035,1627,1539
pshtchnqlwplsxnntcktnk,1035,1114,1282
Blue_Is_My_Red,1037,1542,1478
shivangi_d,1037,1320,1403
thabetx,1037,1388,1426
Dull,1040,1245,1367
Puredigital,1040,1481,1439
alevasluiale,1042,1347,1412
difask,1042,1492,1443
Pooya.Ml,1044,1408,1429
rusranx,1045,1268,1378
demon_cross,1045,1692,1600
shubham.sharma,1045,1275,1381
ltomic,1048,1602,1520
MP000,1049,1580,1504
kill_switch,1049,1631,1541
NeNikita,1049,1461,1436
TheUselessGuy,1049,1437,1433
Kitorp,1049,1482,1437
HueMaster,1054,1429,1430
claus_spb,1054,1593,1513
q444372930,1056,1478,1434
rodrigofarias,1057,1395,1423
ly941122,1058,1403,1424
alfre18,1058,1500,1510
noamlr,1060,1524,1463
prat33k,1060,1366,1414
ra07,1060,1165,1314
dsesok,1063,1276,1378
arshoma_shohag,1063,1271,1376
InnocentFool,1065,1362,1412
_Error_404,1066,1240,1359
mihaihonceriu,1067,1255,1367
son4etyyy,1067,1302,1389
chotgajyk,1069,1162,1310
ayan,1069,1431,1428
turquoise,1071,1295,1385
amanmj95,1071,1365,1412
fo3,1071,1359,1410
crissy_fan,1071,1157,1307
testt,1075,1334,1401
gh0sth0und,1075,1461,1429
A.Reza2015,1075,1373,1413
mrKPbIS,1075,1539,1473
kjnm,1079,1404,1420
Amr-Alaa,1079,1424,1424
SUD210,1079,1476,1430
qiaozhanrong,1082,1500,1504
anishjha025,1082,1339,1401
rimfazqua,1082,1573,1497
ahitagnimukherjeeam,1085,1113,1273
joaquingc123,1085,1186,1323
Thiiuu,1087,1311,1389
dev24d,1087,1593,1511
Ayazbayev_D,1087,1145,1296
NickyByrne,1087,1665,1574
odan,1087,1509,1451
sputnik2014,1092,1515,1454
nishanthvydana,1092,1303,1385
shivek_nsit,1092,1562,1488
CoderMr,1095,1570,1494
pi10,1095,1500,1501
as_clever_as_a_T_A_R,1095,1210,1336
mobius,1095,1386,1412
vaibhav0808,1099,1423,1419
swiergu,1100,1500,1500
dmcyer,1100,1638,1547
Jelenioglowy,1102,1500,1500
DenXman123,1102,1441,1421
AceHunter,1104,1226,1344
yanchen036,1104,1482,1431
Pouriya,1106,1594,1511
Mercurial1,1106,1190,1322
cod3b3ast,1108,1169,1308
Paramjit,1109,1357,1401
lexnewgate,1109,1453,1420
bilguunzen,1109,1328,1391
atzaruri,1112,1423,1416
heu2013201410,1113,1465,1420
anubhav11,1113,1552,1480
jaso2,1115,1598,1513
tovietanh,1116,1327,1389
Mur,1116,1668,1577
pracodear,1116,1278,1369
blue620,1119,1589,1506
turmoil,1120,1586,1504
qwb,1120,1423,1414
blindcoder,1122,1675,1584
MahmoudBeshir,1122,1358,1398
Mohammad2000,1122,1198,1324
chrome,1122,1621,1530
j1gsaw,1126,1584,1502
aditya09,1126,1550,1477
akash_poddar,1126,1252,1354
NikitaMikhaylov,1126,1377,1403
spade630,1126,1412,1411
akhilazhev,1131,1443,1414
dipta007,1132,1464,1417
ashk43712,1133,1076,1237
shervlad,1133,1460,1415
dhgr8,1133,1303,1376
qpswwww,1136,1500,1492
arihantjn53,1136,1423,1410
lehanyich,1138,1302,1375
sahil140194,1138,1641,1550
target_4,1138,1215,1331
lboris,1138,1490,1433
The_ROCK,1138,1430,1411
Dwylkz,1143,1404,1405
Pial,1143,1271,1360
shubhamchauhan54,1145,1338,1387
tdaa95,1146,1146,1286
ashkan__,1146,1500,1490
hun1ahpu,1148,1402,1403
CMaster,1148,1618,1527
tomciomistrzu,1148,1634,1543
saurabh_uttam1,1151,1318,1378
-emli-,1152,1327,1382
littleflower,1152,1259,1352
x359x,1152,1500,1488
FatalException,1152,1698,1606
NRDa,1152,1324,1380
NKWBTB,1152,1396,1401
DeJw,1158,1533,1463
deidzen,1158,1233,1337
xuanhien070594,1158,1433,1406
sheldon_amy,1161,1434,1405
BakyX,1161,1318,1376
lbz007,1161,1486,1429
prateek_jhunjhunwala,1161,1217,1328
addfu123,1161,1575,1493
Shadow,1161,1382,1396
petarbosnjak,1161,1499,1438
mostafiz13,1168,1395,1397
diptadas,1168,1573,1492
ayemnatfeyk,1170,1369,1391
raihan_sust20,1170,1192,1311
chaozhourouwan,1170,1500,1484
noogle,1170,1553,1477
Kig1337,1170,1500,1484
Erilyth,1170,1592,1505
dragangabriel,1176,1371,1390
kaavee,1176,1606,1515
samier_aldroubi,1178,1521,1453
ziedom,1178,1416,1399
jinixin,1178,1385,1393
venkatesh_p,1181,1307,1368
_Darwin,1181,1375,1390
sky_fire,1183,1376,1390
AKJ88,1184,1567,1486
brainstorm,1184,1432,1400
baur.tokenov,1186,1339,1378
codolove,1186,1371,1388
akill3r,1186,1614,1523
VLADOSTKACHENKO,1189,1604,1513
caozy97,1190,1601,1511
wildjun5,1190,1094,1241
Ivan_Bondarev,1192,1158,1286
vatayush,1192,1393,1392
nmdt123,1194,1115,1256
tejas.pandey,1194,1355,1382
darry140,1196,1583,1497
Khalid-Mohamed,1196,1365,1384
sashashmor,1196,1399,1392
dheeraj1995,1199,1366,1383
BlueberryFish,1199,1491,1430
miradil,1199,1554,1476
av_life,1202,1598,1508
adamantium,1202,1303,1362
Doter_Number_One,1202,1266,1346
M.S.W,1205,1540,1465
Genex_Faiz,1205,1364,1382
sami_youssef,1205,1107,1248
samridhi,1208,1373,1383
asteri,1208,1583,1496
domrol,1208,1320,1367
Deathlok,1211,1282,1351
giniyat202,1211,1239,1330
quispecondorie,1211,1606,1515
zhenyiluo,1214,1398,1388
M.Nasser,1214,907,1079
Isfandiyor,1214,1552,1473
kazisami,1217,1500,1472
prashantskywalker,1217,1337,1371
conqueror_hp,1217,1153,1278
killerrobot,1220,1200,1307
madplanner,1220,1593,1503
lby2013,1220,1464,1409
rahulnexus,1223,1520,1449
ArEn,1223,1532,1458
wilspi,1225,1526,1454
Vladut-,1225,1343,1371
trungdotran98,1225,1500,1471
ahoff,1228,1638,1547
ggok,1228,1325,1365
cosmin,1228,1677,1586
dadaji,1228,1286,1350
tanutarou,1232,1485,1423
Albus_Sirius,1233,1522,1450
Hossam96,1233,1269,1341
nurbergen.argyn.93,1235,1570,1485
fatima_,1235,1321,1362
Ilyialat,1237,1577,1490
H2A_TLE,1237,1103,1239
Alfblaze,1237,1459,1404
Nursike,1237,1538,1462
silke,1241,1407,1383
MiloserdOFF,1241,1508,1439
cs1235,1241,1694,1602
rahulyadav18,1241,1368,1375
Arg_007,1241,1572,1486
Mohtasim,1241,1501,1434
marshallmathers,1241,1317,1359
Badry,1248,1495,1429
First_Step,1248,1500,1465
fibletype,1248,1130,1257
lazyM,1251,1627,1536
unique_coder,1251,1423,1383
kingdaxlab,1251,1457,1402
mysterion,1251,1579,1491
rifat1234,1255,1674,1583
nikoloze,1255,1394,1378
merdan99,1257,1198,1299
xiaoyulun,1257,1255,1330
ruby.georgina,1257,1387,1376
BestTrollEver,1257,1200,1300
akshitverma209,1257,1569,1483
QWZeng,1262,1559,1476
kanslulz,1262,1698,1606
jorgeduarte,1262,1463,1405
Okay,1265,1148,1266
QuietBird,1265,1318,1355
nikhilnihalnn2,1265,1318,1355
n1tz53,1265,1624,1533
mojakori,1269,1458,1401
SpecNum,1270,1376,1371
IM_NOT_FAKE,1271,1500,1459
Sabbir345,1272,1105,1235
abhi_kz4,1272,1491,1425
saatwik27,1274,1302,1347
alshcompiler,1274,1427,1380
xsx,1276,1647,1556
OvidiuG,1276,1415,1376
sunkuet02,1276,1464,1405
jhorvat,1276,1239,1318
WalKyrie,1276,1605,1514
faisalnir,1276,1635,1544
anowar1112,1282,1551,1469
iKID.Huy,1282,1461,1402
sapozhkov,1284,1454,1397
sevak,1285,1500,1456
arpitbajaj95,1286,1324,1352
legacheek,1286,1483,1418
amarok1,1286,1402,1372
Mansurbek,1289,1274,1332
yu-gi-oh4848,1289,1510,1438
kamirden,1291,1201,1294
krauch,1291,1079,1212
pascal.german,1291,1189,1287
aleko_pocxa,1291,1405,1371
kimbbakar,1291,1646,1555
smallOne,1296,1342,1356
Yrette,1296,1694,1602
DexterMorgan1,1296,1353,1359
ikid_Hoang,1299,1318,1348
Un-F0cking-believable,1299,1512,1439
xiangxianzhang,1299,1378,1365
ayushkumar,1302,1060,1196
rdiachenko,1302,1423,1375
khaledgamal,1302,1225,1306
lxyrain,1305,1500,1453
pbj,1305,1413,1369
aayushkapadia,1307,1200,1291
Tareq,1307,1270,1327
mathfinder,1307,1500,1453
FabianConP,1307,1226,1305
thanhbinh0995,1311,1502,1431
nguyennamthinhnnt,1312,1172,1273
alam.cse09,1313,1349,1354
ShyngyS,1313,1349,1354
SY_CranBerry,1315,1500,1452
120405217,1315,1500,1452
francesco91,1315,1525,1447
yasinkkaya,1318,1532,1452
drunkenmonkey,1318,1161,1265
mahdigh,1318,1461,1400
hammadooz,1318,1558,1472
karl_sc,1318,1184,1279
I_Love_Prachi_Sharma,1323,1319,1343
pakhandi,1324,1593,1502
calm_ankush,1324,1563,1475
maximbauman,1326,1359,1355
Gannu_raj,1326,1358,1355
vedsarkushwaha,1328,1376,1358
jpsm,1328,1190,1281
alc,1328,1490,1421
adt7,1328,1276,1325
AdilkhanKo,1328,1508,1434
V1221V,1328,1500,1451
cly753,1328,1686,1595
amit120016,1335,1115,1231
ACkf,1335,1105,1224
cinya,1337,1691,1599
milesstevenson,1337,1162,1262
hpahuja,1337,1385,1358
NotDeep94,1337,1582,1491
LimitW,1337,1412,1364
Loud_Scream,1342,1423,1371
am.ma,1342,1554,1467
Jhamra,1344,1490,1420
lnuic,1345,1226,1298
mhassan01,1346,1094,1214
fathallah,1347,1605,1514
real2206,1348,1424,1371
Kuzey,1349,1328,1340
navneet1083,1349,1220,1294
Ak1m,1351,1426,1373
moshiur.bd,1351,1483,1414
anson370,1353,1477,1410
fyf,1353,1500,1449
alexander1709,1355,1079,1201
akash_kumar,1356,1226,1296
abdelhafiez8080,1356,1317,1335
andi.ac,1358,1500,1448
Kemo94,1359,1233,1299
igpimv,1359,1431,1376
ArunAr,1359,1155,1254
emoken,1359,1500,1448
TheRealYoussef,1359,1347,1344
joycode,1359,1472,1405
Canberra,1365,1346,1343
Debonair,1365,1329,1337
Moonpuck,1367,1407,1358
ariful11,1367,1297,1326
Rockclimber_retired,1367,1262,1311
TesLa,1367,1427,1372
Adai_is,1367,1267,1313
EasyRider,1372,1301,1326
sk97045,1373,1131,1235
CHAOS.,1373,1321,1333
TheRealAzog,1373,1500,1447
jeem,1376,1279,1317
ravik5253,1376,1187,1270
wust_kesihai,1378,1433,1376
gautam27,1378,1506,1430
dimri,1380,1399,1352
Prestige,1381,1590,1499
prajapati_vikas,1382,1304,1325
rbishnoi,1383,1418,1364
rashed_cse,1384,1266,1309
Maverickk,1384,1415,1362
m4631,1384,1526,1444
AshikeRuet,1384,1009,1141
Tensor,1384,1536,1451
SbrTa,1389,1419,1365
SayHelloToOzzy,1389,1423,1368
Ripon_CSE,1389,1172,1259
atikulprogramming,1392,992,1126
Lambo,1393,1124,1227
d1b7_3,1394,1518,1438
Amrkerr,1394,1031,1157
xszxxc,1394,1500,1445
pappagukun1,1394,1261,1305
wu_hong_xun,1398,1500,1445
cipriancx,1398,1538,1452
shubhanshu786,1400,1292,1316
kemo-fci,1400,987,1120
fady,1400,1333,1331
ddden97,1400,1516,1436
Omar_Ali,1400,1232,1290
wsjblacklys,1405,1290,1315
zz1211,1406,1543,1455
BenT,1406,1122,1223
lnishan,1408,1585,1494
0winter0,1408,1307,1320
kyonrevens,1410,1234,1289
BolshoyMorskoyPovar,1411,1492,1417
knsp,1411,1362,1335
tudorcoman,1411,1500,1444
Sinstarker,1414,1500,1444
a.khoshghalb,1415,1359,1334
Infinity_saz,1415,1170,1252
loadinggg,1417,1404,1352
Ares,1417,1389,1341
Nurul190,1419,1452,1387
SanyAlam,1419,1016,1141
aniket03,1419,1500,1443
chirag100366,1422,1598,1507
mo3az01,1423,1183,1258
vistanza,1424,1115,1214
Hossam.Ali,1425,985,1114
Ununus,1426,1530,1444
ImagineWarrior,1427,1586,1495
xingzaizhailu,1427,1262,1298
Raphael1995,1427,1291,1310
baymaxx,1430,1382,1336
yfo,1430,1360,1330
sohardtoregister,1432,1217,1275
ZHAZHAAC,1432,1423,1364
refactor,1432,1351,1328
Amr.Ayman,1435,1162,1243
ZubairFaruqui,1436,1393,1342
ENTP,1437,1415,1358
vspacer,1437,1093,1196
hakerfreedom,1437,1408,1353
shingkai.chiu,1440,1644,1553
astose,1441,1500,1442
jan_sen64,1442,1500,1442
Erdenebayar,1443,1187,1256
stunba,1444,1387,1337
nguyentrungnghia,1444,1253,1290
jibon_ebong_shomoy,1446,1517,1433
nitka,1446,1296,1307
Mohamed_AbdAL-Nasser,1446,1500,1441
Udu,1449,1314,1314
c4big2,1450,1346,1322
VELVETDETH,1451,1527,1441
rofi93,1452,1047,1159
I_Love_Nishtha_Rai,1453,1639,1548
imswapy,1454,1474,1401
imohammadamin,1455,1428,1366
nam_bolbo_na,1456,1245,1284
HassanAzzam,1456,1272,1296
Grind,1458,1462,1392
Asifur_Rahman,1459,921,1052
ahmedmtm,1459,1281,1299
PikMike,1461,1402,1347
ad1nu,1461,1500,1440
RandD,1463,1320,1312
shreeshaprabhu,1464,1645,1554
ibahadir.altun,1464,1500,1440
ZigonK,1466,1609,1518
big_guy,1466,1154,1232
xiaxiaosheng,1466,1480,1405
sergiu.ferentz,1466,1409,1351
mihailo1996,1470,1249,1283
psuedonym,1471,1579,1488
Warinator,1471,1255,1285
Naing,1473,1349,1317
kyavenoko,1474,1346,1316
feniksvan,1474,1106,1198
vicky2135,1474,1428,1365
barboss,1477,1227,1271
mukulgpt20,1478,1382,1331
toufga.brahim,1479,1426,1363
Amer.A.R,1480,1032,1142
saykot,1481,1255,1283
nikusha24,1482,1098,1191
scau_dove,1483,1643,1552
AR_ASIF,1484,1063,1165
choobey,1484,1327,1309
elrhai__,1486,1483,1406
AlaaAshraf,1486,1412,1352
omerssahin,1486,1243,1276
chiselko6,1489,1283,1293
Maryam_AbdElmoneam,1490,1204,1256
OldBoy,1491,1021,1131
DataStructer,1492,1131,1212
PAG,1493,1489,1410
kng828,1494,1345,1311
shuklas664,1494,1343,1311
Hakeem_qonirat,1496,1563,1473
drapz13,1497,1359,1314
mamelui,1498,1431,1366
nextgencoder,1498,1064,1163
gkott,1498,1398,1341
AMIRNOOB,1501,1078,1173
dimitrikorko,1501,1036,1141
ashimdey,1501,1430,1365
CleverDoner,1504,1427,1362
Ag_dream,1505,1316,1301
garg17793,1505,1521,1433
Vax,1507,1603,1512
amirhosain.h,1508,1475,1398
ankur_162,1509,1500,1437
jaggu16,1510,1197,1248
fille_code,1511,1416,1353
luka2002,1512,1500,1437
Tparsa,1513,1550,1460
chetan_shukla,1514,1373,1321
winnerforer,1515,1586,1495
MarkShore,1516,1212,1255
Saif_DU,1516,1451,1380
Abdo_Hammam,1518,1358,1311
mistiri,1519,1494,1412
Asad_KUET,1520,1375,1322
decent,1521,1445,1375
dracarys30,1521,1199,1247
Lostwinder,1523,1514,1427
guptautkarsh2512,1524,1405,1344
z123z123d,1525,1404,1343
amitrao,1526,1286,1286
ArmandNM,1526,1573,1483
mr.deidara,1528,1626,1535
stunner510,1528,1423,1358
xiyanxiyan10,1530,1175,1231
partha_cuet,1531,1057,1152
obsolescence,1532,1464,1388
Veidt,1532,1559,1469
YXZ,1534,1456,1382
jpriyal,1535,1500,1435
glow,1535,1423,1357
CodeZero,1537,1417,1352
jizhenjun,1538,1500,1435
rajmanvar,1538,1515,1426
arjundabra,1538,1609,1518
cyclone,1541,1685,1594
astrico,1541,1630,1539
canyouseeme,1543,1603,1512
yts1999,1544,1520,1430
KTays,1544,1500,1434
Ray_pranay,1546,1500,1434
Darth_Donald,1547,1187,1235
rodz,1548,1474,1395
tanvieer,1549,1029,1127
nsfxlyl,1549,1306,1288
mohamed2494,1549,1402,1340
3M.A.N,1552,1494,1410
Sneaks,1552,1179,1229
r4r313,1554,1545,1455
JackieWilshere,1555,1543,1453
JRoy,1555,1194,1237
dlopatin,1557,1165,1220
deepakgoyal29,1558,1412,1347
ujudge1,1558,1333,1293
Infinity95,1560,1260,1268
fallensoul,1560,1652,1561
code_name_d,1562,1307,1285
evgenii_kanivets,1562,1655,1564
Cimacz,1564,1291,1279
andrewdudu,1565,1415,1349
mii,1566,1497,1411
blOOd_mOnstEr,1567,1362,1309
Acuion,1567,1647,1556
darknyaz,1567,1458,1382
daulet.sergazin,1570,1348,1299
AL_DEEB,1571,1327,1288
just_sara,1572,1321,1287
pwn,1572,1673,1582
kira_111,1572,1507,1418
HamzaouiDali,1575,1330,1288
J_Sure,1575,1318,1285
CaptainRouzbeh,1577,1573,1483
iit2012073,1578,1260,1264
L_H,1579,1330,1287
omar_hashem,1580,1415,1348
hasanfake,1581,1500,1432
kp9r4d,1581,1558,1468
neo4104,1583,1320,1284
kostya1996,1584,1563,1473
deniskolsanov,1585,1474,1393
asymptoti,1586,1483,1400
essar,1586,1699,1607
Enavik,1586,1581,1490
Temych,1589,1588,1497
TimurBorgalinov,1589,1444,1370
elenia,1591,1423,1354
manatee,1591,1240,1252
maxwise7,1593,1500,1431
Lieshereldor,1594,1150,1203
tanavamsikrishna,1595,1500,1431
Plazma,1596,1405,1340
iamscrew,1597,1303,1276
codeaway,1598,1421,1352
harunsami,1599,1194,1228
J_Zhen,1599,1500,1431
bangbarang,1601,1570,1480
I_learn_OCaml,1602,1604,1513
ajs97,1603,1546,1456
AndryLat,1603,1559,1469
alex-kozinov,1603,1604,1513
mohamed265,1603,1604,1513
nikitxskv,1607,1159,1206
Cyst,1607,1262,1259
amano,1609,1575,1485
vikky,1610,1199,1228
Mid0,1610,1500,1411
zpan004,1610,1500,1430
Void_Temp,1613,1500,1430
akartik80,1614,1501,1411
basant_1994,1615,1481,1396
lupino.code,1616,1409,1341
idhamed,1617,1423,1352
Anggle_and_my_god,1617,1309,1273
d4rkc0de,1619,1286,1265
Louie_ru,1619,1456,1377
crystallalala,1621,1500,1430
yu17,1622,1439,1364
jan25,1622,1456,1377
jayanto,1624,1297,1268
Dowletgeldi99,1625,1169,1208
Dowletgeldi_57_41,1626,1481,1396
MED_CHRIGUI,1627,1063,1138
Exodus,1627,913,1016
satu0king,1627,1500,1429
whatsnext,1630,1500,1429
sihare123,1630,1258,1252
taijin,1632,1500,1429
Infoshoc,1632,1675,1584
thefighter,1634,1528,1438
muchomorko,1635,1358,1301
eunicode,1635,1423,1351
kurome,1637,1396,1330
a7med.hussein,1638,1474,1390
admin15_02,1638,1219,1232
AnonymousBunny,1640,1520,1430
Finder,1641,1498,1408
moustafahussien,1642,1451,1372
0xA28,1643,1296,1263
LatushewONAFT,1643,1468,1385
ShockProof,1645,1688,1596
Rafiq_SEC,1645,913,1013
BitHashTech,1647,1601,1510
sacheendra9044,1648,1255,1247
5edro,1648,1385,1321
uSeemSurprised,1650,1476,1391
AClover,1651,1409,1339
..................,1652,1328,1277
ani25,1653,1492,1402
pmaprog,1654,1423,1350
osama-mohsen,1654,996,1081
Mamdou7,1656,1416,1344
saytaka,1657,1422,1349
galto4ir,1657,1054,1126
lpavel,1657,1519,1429
DahsseR,1660,1500,1427
thalmann,1661,1443,1365
paragalor,1662,1500,1427
padr,1663,1500,1427
saleh12,1664,1415,1343
gflyingcat,1665,1354,1296
iTech__,1666,1509,1419
What_The_F...,1666,1248,1240
Ali_Akbar,1668,1198,1215
enitihas,1668,1582,1491
harman786,1670,1610,1519
MultiTeemer,1670,1443,1364
Aidin,1672,1637,1546
prudvinit,1672,1460,1377
dhaw92,1674,1381,1316
drobert,1674,1548,1458
hnust_wuzhanhui1,1676,1500,1426
Insectophob,1676,1589,1498
J_X,1676,1535,1445
ashishk1994,1679,1474,1387
shakil_AUST,1679,1591,1500
jddantes,1679,1500,1426
cymxyym,1682,1520,1430
qwertyy,1682,1621,1530
mohamed_kamal_,1682,1369,1306
Stastomash,1685,1411,1339
mm_kishor,1685,918,1010
ajinkya1p3,1685,1588,1497
abc_1988_1106,1688,1603,1512
mocshare17,1689,1326,1273
tripPple_A,1690,1446,1365
_santyssk_,1691,1320,1268
FineSeaSaltCrystals,1691,1619,1528
sergen13rs,1691,971,1054
Spark_code,1694,1606,1515
Candyman,1694,1422,1347
Gleb.gl,1694,1542,1452
M.Dawwas,1694,1411,1338
-skyline-,1698,1598,1507
bubble000000,1698,1525,1435
irajdeep,1698,1449,1367
srishti31,1698,1320,1268
tchelidze,1698,1598,1507
Amrragab,1703,1075,1132
sntmessages,1703,1466,1380
arpituppal,1705,1399,1328
Dregia,1705,1244,1230
AhMeDz333,1707,1097,1147
lighters,1708,1687,1596
nasim_ruet,1708,1311,1260
8cbx,1708,1357,1295
beeBetter,1708,1364,1301
eightnoteight,1712,1445,1363
WJMMDKZNMZB,1713,1492,1402
laptop_recai,1713,1372,1307
ck0123,1713,1558,1468
jhonber,1713,1442,1361
iheartT,1717,1076,1130
ELMaestro,1717,1219,1216
pulkitarora,1717,1463,1377
zare3,1720,1440,1359
nivin,1721,1597,1506
abdayyad2012,1722,1500,1424
disha0501,1722,1333,1276
BaHiE,1722,1544,1454
mm1991,1725,1471,1383
skate1998,1725,1241,1224
maopao,1725,1485,1395
RolandasV,1728,1500,1423
gaurav42,1729,1421,1344
Anas009,1729,1365,1300
fmoraes,1729,1533,1443
rahulnagurtha,1732,1616,1525
Chromansty,1732,1243,1224
ashis041,1734,1360,1296
aswinsiva,1734,1510,1420
High,1734,1280,1237
AhmedTai,1734,1216,1211
R.A.X,1734,1363,1299
khazhix,1734,1230,1218
sophisticated1,1740,1485,1395
vectorijk,1740,1394,1322
mjy0724,1742,1514,1424
Diemma,1742,1375,1307
ana1nd_9,1742,1383,1314
TSky.64,1742,993,1063
ahmednaoum,1742,1337,1278
ShadyElbaroudy,1742,1628,1537
bitver,1748,1500,1422
firstw,1748,1239,1219
avs,1748,1498,1408
Jason_zjj,1751,1500,1422
mesutgurlekcs,1751,1333,1274
ChrisR.F,1751,1520,1430
Omid.J,1751,1354,1290
khushboo_dce,1755,1315,1260
AMR-KELEG,1755,1259,1225
IHomutovsky,1755,1335,1275
OcarisAM,1755,1433,1352
Reayz,1755,1115,1149
vipinsharma,1760,1546,1456
desikachariar,1760,1376,1307
mohamed_waleed,1760,1318,1262
CapitalSigma,1763,1289,1239
Strilcova,1763,1072,1119
berdikhan,1765,1500,1421
aboodmanna,1765,1104,1140
petri,1765,1500,1421
mehrshadlotfi,1768,1284,1235
Sunyuchen,1768,1500,1421
I_Monimul,1768,1219,1206
ap_hawkdown,1768,1479,1389
TonyJiang,1768,1224,1208
CrazyAC,1768,1458,1370
mrBelka,1774,1513,1423
blackeye,1774,1143,1163
adi1994,1774,1613,1522
to_doc_ac,1777,1475,1385
wellwellwell,1777,1561,1471
lizheng626,1777,1414,1336
richardzrc,1777,1503,1413
calin13,1781,1192,1190
mohimenul_Kabir,1782,1190,1189
Celon,1782,1500,1420
nguydavi,1782,1629,1538
naveen_raja95,1782,1367,1299
philanthropist,1786,1500,1420
uvsankar,1786,1279,1230
pandeyiyer,1786,1358,1291
FlyingSorcerer,1789,1399,1323
shad0w_walker,1789,1497,1407
quelanor,1791,1494,1404
akhi29,1791,1362,1294
sid129,1793,1227,1204
neeladree,1793,1500,1420
snrahul,1793,1517,1427
Sergio471,1796,1425,1343
Chaofan,1796,1425,1343
artemevv,1796,1416,1336
Badgers_Prosen,1799,904,978
frz13,1799,1244,1210
dast,1799,1490,1400
tyler.durden,1799,1106,1135
Pronin_Sergey,1803,1492,1402
Foxy,1803,1370,1300
asaelko,1803,1595,1504
alphalamco,1806,1500,1419
horizon_,1806,1301,1245
Handle2018,1808,1454,1365
dfridman1,1808,1158,1165
ilyadum,1808,1453,1364
cir,1808,1091,1123
Gianco,1812,1420,1339
giglf,1812,1309,1251
Akmoyu,1812,903,975
hide_me,1812,1333,1270
jenya261995,1816,1489,1399
LetMeSolveItForYou,1816,1500,1418
akshitpoddar,1816,1322,1261
ritolia1,1816,1397,1320
optimus___prime,1820,1423,1340
RememberTheSeasons,1820,1653,1562
edinorog,1820,1547,1457
bullshit.ass,1820,1067,1104
Frez,1824,1251,1207
tromepop,1824,1423,1340
c0rdial.603,1824,1423,1340
mohamed_atef,1827,1385,1310
denuac,1827,1342,1276
adeora7,1827,1237,1201
Egor_Churaev,1827,1500,1418
tsuby,1827,1326,1264
lee7,1832,886,957
BurhanDanger,1832,1409,1329
taigi100,1832,1549,1459
joker00,1832,960,1020
jonyroy,1836,1201,1183
emi.,1836,1034,1078
Conda,1838,1152,1155
CQU-WWT,1838,1467,1377
codexter,1838,1500,1417
aceBox,1841,1639,1548
merzgling,1841,1030,1074
ayyad,1841,999,1050
_rishav_,1841,1124,1138
1am,1841,1543,1453
Extravert,1841,1426,1342
samansoly,1847,1420,1337
strawus,1847,1189,1175
juangilopez,1847,1315,1254
dikshajaiswal,1847,1380,1305
windy_sai,1851,1301,1242
veteran,1851,1546,1456
1_alex_10,1851,1241,1197
August_AC,1851,1423,1339
vulpe001,1855,1308,1248
giusevtr,1855,1476,1386
CIKE,1855,1406,1325
MKGAURAB,1855,1471,1381
AntounWagdy,1859,1330,1265
immuntasir,1859,1423,1338
ranit,1861,1500,1416
Novice_R,1861,1500,1416
mai_ahmed,1861,821,893
isaya1910,1861,1354,1284
kumarsauravr7,1861,1242,1196
S.Temirlan,1866,1363,1291
amrondonp,1866,1323,1259
cristina_borza,1866,1323,1259
SQL_Ninjaa,1866,1528,1438
higazy,1870,1158,1153
Karan2k,1871,1460,1371
yuki2006,1871,1406,1325
hulkblaster,1871,1564,1474
anis_cseiu27,1871,1423,1338
ljengic,1871,1500,1415
symboliCoder,1876,1498,1408
alejo.moreno,1876,1337,1270
m_arif,1878,1500,1415
mariummamdouh,1878,1040,1074
Shibbir001,1878,1110,1122
codeshaker,1878,1491,1401
parunovtheboss,1882,1500,1415
AsEs,1882,907,967
Robio10,1882,1500,1415
slonichobot,1885,1301,1240
aka2810,1885,1123,1129
a.ewais,1887,1255,1204
Amit_Pradhan,1887,1349,1279
mg4018,1889,1053,1081
KabirHasan,1889,1031,1065
EHOT,1889,1408,1325
izubkov,1889,1250,1200
stack_overflow,1889,978,1025
shivtej,1894,1483,1393
marioFlesh,1895,1417,1332
aman_4,1895,1469,1379
kvermun,1895,1413,1329
rastogi007,1895,1320,1255
codeNight,1899,1500,1414
tapos_datta,1899,1339,1270
Mohannad,1899,1432,1343
lovedl,1902,906,962
Juliana-zh,1902,1457,1368
LXL,1902,1627,1536
prnb22,1905,1266,1211
xxxyyyzzz,1906,1151,1142
Running_Time,1907,1398,1316
karthikm95,1908,1209,1171
scube0211,1908,1026,1058
tanmayc25,1908,1593,1502
nazmus_20000,1908,1309,1245
Arwill,1908,949,998
caat,1913,1302,1239
shivam217,1913,1559,1469
asgardxf,1915,1326,1259
mrz,1915,1127,1126
Wayne_li,1915,1398,1316
ly1206,1915,1635,1544
tanmayc95,1919,1500,1413
arjun286,1919,1278,1220
fightwolf,1919,1460,1371
skwllsp,1922,1407,1323
kshj78,1922,1553,1463
thank2249,1922,1423,1335
_Tmp_,1925,1276,1218
amogh,1925,1220,1174
B.Niko,1927,1075,1090
axp,1927,1515,1425
siddharth.mnnit11,1927,1409,1324
hadis_yuki,1927,1403,1319
Chasty,1931,1125,1122
MhmdAssem67,1932,1249,1196
AlexKolc,1932,1434,1345
rtdup,1932,1515,1425
Desolation,1935,1040,1064
2hin,1935,1491,1401
I_Love_Bofei,1937,1149,1135
bijan,1938,1541,1451
palash117,1938,1242,1190
goyaldeepak786,1938,1193,1158
ghitasima,1941,1193,1157
Bura.RuetCSE,1941,877,930
mosllas,1943,1405,1320
AzizAboud,1944,1233,1182
sidthekid,1944,1423,1334
22pawankr,1946,1475,1385
Arck,1947,1453,1364
fisty,1947,1177,1148
mizo121,1949,1199,1158
Bunny01,1949,1314,1247
amanmalik.0709,1949,1375,1296
avi28,1949,1127,1120
garnacha,1953,1480,1390
dalia_bolla,1953,1025,1049
Ceyone,1955,1423,1334
Sabari,1955,1236,1184
Log_Horizon,1955,1198,1156
alexeos30,1958,1500,1411
oKing,1959,1580,1489
saimun2025,1959,1148,1130
hxbzz,1959,1423,1334
dattap,1959,1243,1189
im_so_bad_at_this,1963,1500,1410
m.saddam_hossain,1963,918,962
shubhamk647,1963,1185,1149
chenhongwei,1966,1293,1229
gopalkriagg,1967,1423,1334
partha_mbstu,1967,1423,1334
Kylehz,1967,1323,1253
LIu_,1970,1333,1261
Desert_Wolf,1970,1249,1193
whishky,1972,1428,1339
dimamol,1973,1338,1265
AYST,1974,1362,1284
ankitc,1974,1500,1410
shajalahamedcse,1976,1216,1166
Dory,1977,1500,1410
glysh,1977,1598,1507
sabbir_alam,1977,1375,1295
ann_hmt,1980,1532,1442
crosscheese,1980,1500,1410
-vjudge-,1980,1405,1318
naman26j,1983,1375,1294
sof,1983,856,905
Tiger_zinda_hai,1985,1323,1252
Karan2116,1985,945,981
khaled_khattab,1987,1325,1254
Alpha_brainstage,1987,1249,1192
chiahsun,1987,1500,1410
kymo,1990,1401,1314
Shady_Shalaby,1990,1073,1076
ijmp320,1990,1257,1198
vipsharmavip,1990,1313,1244
Silence.,1994,1475,1385
SalmaH.,1994,1423,1334
7TheCaracal,1996,1361,1282
ilovemaohieudong_98,1996,1552,1462
Takagero,1998,1412,1323
9mithun9,1999,1339,1265
AhsanRomeo,1999,1160,1128
zdravko.d,1999,1500,1410
terminated,1999,1185,1141
Islam11,2003,1171,1133
lghtcat,2003,1298,1231
Changed_Later,2003,1039,1050
volan,2006,1329,1256
__Joker,2006,1579,1488
yuwei446808621,2006,1455,1366
awlad11,2006,1005,1024
TranTuan,2010,1305,1236
rekt_n00b,2010,1595,1504
vladutz18,2010,1529,1439
Punya,2010,1335,1261
osamatheeb,2010,1500,1410
Korrot,2015,1052,1057
Burstshot,2015,1310,1240
hungpham,2015,1445,1356
gcs06,2018,1291,1225
geek_geek,2018,1596,1505
artas95,2020,1333,1259
pulkitverma25,2020,1539,1449
danielmaxim95,2022,1500,1410
kapeed,2023,1165,1126
curious_mind,2023,1307,1237
venkatesh_s,2023,1288,1222
abhinav1592,2023,1066,1066
85101,2027,1500,1410
lyj,2027,1389,1303
NotPassedCET4,2029,1441,1352
__builtin__wolfy,2029,1497,1407
Sufiyan_Ali,2029,1006,1021
grim_reaper,2029,1183,1136
hardworkingtush,2033,1207,1155
Sumit_Kumar178,2033,1152,1117
a.Mahdi,2035,1230,1174
usmon,2035,1409,1320
nevermind98,2035,1232,1175
shanki125354,2038,1500,1410
ash12,2039,964,986
myIdols-TimAndArul,2039,1405,1316
bonyisrail,2041,1138,1108
ARSENAL1886,2041,1465,1376
tripoliati,2041,1249,1189
mawri,2041,1423,1334
asdasda,2045,1347,1269
irfan_gooner,2046,1130,1102
MacWonk,2046,1492,1402
Nassef,2048,1269,1205
m.fawzy,2048,1500,1410
kahrabian,2050,1396,1308
habib_rahman,2050,1027,1033
luismo,2052,1495,1405
lololol,2052,1465,1376
nipponchandraroy,2054,1500,1410
SomeRandomGuy,2054,1339,1262
Elwakeel,2054,1333,1257
Chiba,2054,1491,1401
gibibyte,2054,969,988
Shravan40,2059,889,921
SpaceLinkers,2059,1111,1088
Demolition2013,2059,1023,1028
illarionovam_onu,2062,1574,1484
Dr.Gogback,2062,980,995
furyvl,2064,1500,1410
munnapagol,2064,1183,1133
ovi4010,2064,1268,1203
TheFatalScorpion,2067,1253,1191
KGZ,2067,1409,1320
pvtuan10,2069,1144,1106
AkshayApte,2069,1307,1235
Nitori,2071,1500,1410
siddharths067,2072,1500,1410
namitmaheshwari7,2072,1286,1218
zziikkemd,2074,1500,1410
Skhatbiy,2074,1341,1262
ayansome1,2076,1165,1118
titanoboa8282,2076,1040,1038
hackshell,2076,1212,1156
eonx_32,2079,1486,1396
MahmoodRayhan,2080,1224,1166
tridorje,2080,1272,1206
Bob_Chen,2082,1415,1326
ramym,2083,1387,1299
hamidrezaborghei,2083,1117,1087
Toufiq-SEC,2085,1319,1244
DonilZ,2085,1090,1070
_jairsaidds_,2087,1349,1268
bonem,2087,1196,1142
vipulgoyal0007,2089,1431,1342
aLLex,2090,1274,1207
Sabo,2090,1423,1334
tukhfatov,2090,1423,1334
KimThach,2093,1043,1037
fighting_dreamer,2093,1398,1309
rrmonmoy,2095,1107,1079
abdallah.moussawi,2096,1328,1251
bubblecn,2097,1423,1334
MutaQueue,2098,1243,1181
Iskandarov_Islom,2098,1295,1224
rober,2098,1462,1373
MMS_uz,2098,1008,1010
kostarion,2098,1378,1291
MahmoudSayed,2103,1396,1307
TrongDuong,2104,1300,1228
mohamed.kamal,2105,893,916
kojak_,2105,1603,1512
BestRiven,2105,1618,1527
Crayer,2108,1442,1353
sea,2109,889,912
FMI_Raileanu_Cristian,2109,1314,1239
Standing_wang,2109,1314,1239
boldtumur,2112,956,967
emir23,2112,1500,1410
ac_dao_di,2112,1398,1309
arz3,2115,1245,1181
shadowwalkers,2116,1205,1148
Crescendo_vk,2116,1383,1294
booyoungxu,2118,1046,1035
BatOrshih,2119,1221,1161
pushon,2119,1001,1001
azmeerhosen,2119,1321,1244
edhu1227,2119,1363,1278
srkaqua,2123,1406,1317
Sapoyev_Shihnazar,2123,948,959
Ricky_Saurav,2125,1302,1228
The_Assassin43,2125,1090,1063
BinGOSU,2127,1500,1410
mtaherhassan95,2128,1042,1030
PotatoAndCoke,2128,1266,1198
khashi246,2128,1627,1536
kona,2131,1580,1489
kobbi,2131,1255,1189
hlnhvt,2133,1500,1410
snajdov10,2133,1313,1237
L_Monty,2133,1500,1410
gedo,2136,882,901
Naiman92,2136,1353,1269
kartikyadav11,2138,1233,1170
pizzaa,2139,1500,1410
Doctorate,2139,1425,1336
funnyfuntoosh,2141,1500,1410
faroukm15,2141,1208,1149
vivek0739,2143,953,959
SONNET_N,2144,939,948
bristy456,2145,1174,1120
aravinthganesh,2145,1196,1139
Lzy_2015,2145,1310,1234
sreekrishna,2148,1399,1310
feeluniverse,2148,1417,1328
Abdullah71,2150,1021,1011
Failure-Man,2150,1211,1151
losing.passer,2152,1141,1092
kshitijgupta,2152,961,964
shubh219,2154,1500,1410
sherif1shrio,2155,852,872
ahsantarique,2155,1407,1318
abdalimran,2157,897,910
omarayad1,2157,1500,1410
muthu,2159,1381,1292
imsk,2160,1162,1109
gauss95,2160,1500,1410
trouble_in_paradise,2162,1204,1144
carolinagomezt,2163,1128,1081
janci,2163,1138,1089
royalharsh95,2165,979,977
kajooooo,2166,1171,1116
1128,2167,1401,1312
newbie2015,2168,1253,1185
anmol_varshney,2169,1339,1256
Riyad_Diu,2170,884,897
Normal,2171,1500,1410
nazmul_hossain,2171,895,906
ThunderStroke,2173,1692,1600
oneshadab,2174,1495,1405
AlirezaJJ,2175,1499,1409
ruoxiaoruoruo,2175,1290,1216
elloozoid,2177,1333,1251
kanon2,2178,990,983
kl28978113,2179,1415,1326
Moroz,2179,1500,1410
Nadim321,2179,856,871
MDCCXXIX,2182,1588,1497
sak_93,2183,1051,1026
Rmohamed,2183,1500,1410
hassanyoussef,2185,1132,1082
allrounder,2186,1249,1181
shivam1283,2187,1428,1339
ForceRain,2187,1191,1132
Ramos,2187,1051,1025
kishan73,2187,1323,1242
cpragadeesh,2191,1339,1255
akhil_kumar,2191,1088,1049
professor3,2193,1125,1076
DonaldDarko,2193,1373,1284
Faster,2195,1173,1116
Yuridze,2196,1234,1168
cherrycodes,2197,1636,1545
caohyang,2197,1261,1191
seif,2197,1333,1250
AlexT,2197,1197,1137
deathgrim,2197,1158,1103
ethanheysh,2202,1500,1410
shawara,2203,1248,1179
sa.sa,2203,1310,1231
ksamykandil,2203,1273,1200
MAQ678,2206,1380,1291
tashfiq12,2207,1087,1045
sumit.asr,2208,1285,1210
Reigns123,2208,860,870
Codelobster,2210,1500,1410
lhy950424,2211,1188,1128
Starlite,2212,1334,1250
potpath,2213,1520,1430
541307090121,2213,1301,1223
SkySword,2215,1500,1410
s_h_shahin,2215,1500,1410
GastonFontenla,2217,1199,1137
mahi123,2218,995,979
netcse,2219,1500,1410
black_bird,2219,1245,1176
lightkuriboh,2219,1456,1367
thinker,2222,1167,1110
434524,2223,1500,1410
mint_my,2224,1382,1293
300pound,2225,1510,1420
rajabose,2226,1165,1108
sameh_ibrahem,2227,1052,1018
Mrym.Rhmni,2228,1385,1296
dream557,2229,932,928
thanhdat01234,2230,1500,1410
Age_of_CPP_Empires,2231,1564,1474
den-gataullin,2232,1500,1410
liu_jc,2232,1320,1238
ZWY,2234,1335,1250
Mahamed.Salah,2235,1248,1178
jaydeepmaddipati,2236,1399,1310
Mahamed.Helmy,2237,1346,1259
shashi_296,2237,1251,1180
Anya2000,2237,1400,1311
ElRorro,2240,1500,1410
xiongqiang,2241,1456,1367
E_S_A,2241,1417,1328
hagerrady,2241,1226,1159
tahankentut,2241,1479,1389
mgarrison,2245,1500,1410
adhaamehab,2246,1339,1253
Rupali,2246,1500,1410
sanjayfury,2246,1187,1125
hemant1234,2246,1500,1410
Moyeen_Shuvo,2250,985,966
zcy,2251,1211,1146
Superstorm4242,2252,1415,1326
sm94,2252,1431,1342
m_sypi,2254,1500,1410
kasper_askar,2254,1256,1184
shyam81295,2256,1417,1328
arpit_rathi,2256,1235,1166
vanky,2258,1500,1410
SoheilSmP,2259,1500,1410
gewei445566,2260,1298,1218
yassine12,2261,1179,1118
pechavarriaa,2262,1405,1316
HaydenS,2262,1500,1410
log10,2264,1104,1053
Shohruh_Durdiev,2264,1077,1030
Sabau_Andrei,2266,1259,1185
Mithun_SUST,2267,1230,1161
souvik999999999,2267,1397,1308
gpta_abhishek,2267,1322,1238
ShAc,2270,1500,1410
Toosample,2271,1433,1344
abhi.aga,2272,1500,1410
srikanth.y,2273,1500,1410
shuvodiu,2274,1417,1328
atfoooo,2275,923,913
jatinjagia,2276,1319,1235
vidverma,2277,1199,1134
aliosmanbastepe,2278,1500,1410
Ibodullo_Yorov,2279,980,957
rajdipsaha59,2280,1002,973
afshinarani79,2281,1081,1032
code_fighter,2282,1254,1181
Khalidbakry_,2283,1339,1251
Raoof,2284,1692,1600
shahed21,2285,1500,1410
Daniyar,2286,962,942
a0fkgi5m3nflskfog92mdm,2287,1423,1334
czx111331,2287,1500,1410
gonnta0502,2289,994,966
yesbolatov1,2290,1237,1166
KingOfAlgorithms,2291,1262,1187
aka.Sohieb,2292,1587,1496
KBS.,2293,1500,1410
wounded_shadow,2294,1306,1223
qch,2294,1500,1410
faza,2296,1337,1249
coder222,2297,1448,1359
rony,2298,1287,1207
apyramid,2298,1406,1317
wim2014,2300,1205,1138
I_LOVE_DANA,2301,1423,1334
AghiadHaloul,2301,1317,1232
g_vk,2301,1644,1553
Fear_Is_An_Illusion,2301,1402,1313
intptr,2301,1095,1043
smilevo,2301,1200,1134
Fekete,2307,1403,1314
avis408,2307,1652,1561
deadostrich,2307,1319,1233
binhuq,2307,1584,1493
forever16,2307,1205,1138
huge_kuriboh,2307,1179,1115
Aya.moneim,2307,1512,1422
dantek,2307,1500,1410
lana_del_rey,2307,1480,1390
RdnAmiri,2307,1521,1431
Shayan,2307,1261,1185
wall-e,2318,1330,1242
axe7,2318,1504,1414
Jumaboyev_Davlatmurod,2320,1299,1216
armor21blader,2320,934,914
direwolf_424,2320,1418,1329
turtle,2320,1199,1132
manparvesh,2320,1308,1224
yingS,2320,1200,1133
__undercover,2320,1369,1280
KareemWaleed,2320,1271,1193
looper,2320,1122,1065
jabetancourt,2320,1226,1155
minasamehlabib,2320,1234,1162
tejasr,2320,1287,1206
vladislav.buzun,2332,1174,1110
adityatj,2332,1351,1263
Jadson,2332,1290,1208
ttt,2332,1124,1066
f4lc0n,2332,1239,1165
dgranosa,2332,1249,1174
Johny_Depp22,2332,1228,1156
aaelsldehoc,2339,1500,1410
ajrahul,2339,1500,1410
Yerassyl,2339,792,789
TriQuang,2339,1243,1169
xxqxpxx,2339,1026,980
fandango,2339,1402,1313
yzlhypo,2345,1077,1024
hashedcoder,2345,1347,1259
HitmanBBa,2345,1081,1028
mahess,2345,1500,1410
voxel,2345,1151,1089
alaa_othman,2345,1079,1026
New_Mahdi,2345,1195,1127
noob__,2345,1469,1379
vishaldaga,2345,1537,1447
prerakd,2345,1073,1021
Oliveira_medalha_de_ouro,2345,1415,1326
enrush,2345,1230,1157
ALLAH_3leek_Ya_Ostaz,2357,907,885
efimikvitaliy,2357,1448,1359
retired_xsami,2357,1359,1270
Pantnkrator,2357,1397,1308
Karim.Metwally92,2357,1433,1344
ritesh_tiwary,2362,1452,1363
Ivanovsky,2362,1500,1410
Mahan_sh,2362,1055,1004
MrNull,2362,1557,1467
PraWinApk,2362,1119,1060
Back_To_School,2362,930,903
raymondk,2362,1339,1251
momenahmedsaid,2362,1266,1187
Gautam.kumar,2370,1006,960
gautam94,2370,1307,1221
rust,2370,1401,1312
utgup,2370,1500,1410
mickyykcim,2374,1239,1164
Alpha_Q,2374,1050,999
alinmocanu95,2374,1423,1334
AAshmawii,2374,946,914
El_Heisenberg,2374,1038,988
Liny,2374,1500,1410
orange_cloud,2374,1387,1298
manmodeashish,2374,1521,1431
jaosnshen,2382,1002,956
Maya_Braga,2382,1299,1213
chinku04,2382,1160,1095
Ahmed_Rabei,2382,1240,1164
JUST.Excalibur,2382,1034,984
MershaqDiesel,2382,1302,1216
saagar0013,2388,1004,957
Radeon_92,2388,756,748
RoBoT.NoD.A.I,2388,1409,1320
busyjay,2388,1628,1537
yrnt,2388,1451,1362
DableProger,2388,1572,1482
AhmedHassan,2388,1500,1410
Manioz,2388,1187,1118
pawno.gixx,2388,1500,1410
kareemelsayed,2397,1500,1410
alhasan,2397,1135,1073
qiucz,2397,1390,1301
CazadorDivino,2397,1133,1071
zhangmingcheng,2397,1547,1457
alkis_a,2397,1423,1334
Hassan52,2397,975,932
lradu,2397,1409,1320
dpatel.iivii,2397,1217,1144
Amal_Nafe3,2397,1249,1171
conrado1618,2407,1500,1410
Ishtiaq11,2407,982,936
Boltu_muri_khaay,2407,1312,1224
lolgod,2407,1293,1207
qwerty1996,2407,1214,1141
Sid_96,2407,1500,1410
SwadhIn.JUST,2407,1500,1410
unes,2414,1433,1344
fekry25,2414,965,921
ahmad.sallam,2414,775,761
Gag2001,2414,1500,1410
undraa,2414,1296,1210
rahul_10,2414,842,820
MikhailMorozov,2414,1500,1410
Not_Of_1_And_0,2421,819,799
Hleban9,2421,1226,1150
scadgee,2421,1500,1410
dartpunk,2421,1500,1410
mail2mangu1993,2421,1147,1082
humb,2421,1411,1322
prakush24,2421,1199,1127
saboteur,2421,1500,1410
tansy,2429,1327,1239
Shamsutdin,2429,1333,1245
Arif,2431,1500,1410
Adilina,2431,1339,1251
vinayak205,2431,1500,1410
just_hope,2431,1018,967
mohamed_fared,2431,1423,1334
gofighting,2431,1423,1334
amrhussien,2431,876,847
tfukushima,2438,1401,1312
khondok_SEC,2438,1254,1173
Zhouyangjie,2438,1500,1410
almgwary,2438,1185,1114
swo2x,2438,1500,1410
KHUSRAV,2443,1423,1334
TahaNaser,2443,1136,1071
sudipto.bd,2443,1386,1297
object_oriented_program,2443,1286,1200
vasanthaganesh,2443,1500,1410
Hsayram,2448,1255,1174
Sergo,2449,1327,1239
harihara95,2449,1500,1410
Tousif,2449,1088,1028
Combatter,2449,1314,1226
gopher,2453,1396,1307
A.BATJARGAL,2453,1423,1334
yasmeen_h,2453,1254,1173
__PRIDE__,2456,1261,1178
zombieII,2456,1423,1334
shoukhin,2456,1154,1086
xulusko,2456,1551,1461
ahmedaomda96,2460,1423,1334
Rashwan,2460,1423,1334
mennna223,2460,1195,1122
rezwan_SEC,2460,1397,1308
c4cheats,2460,1500,1410
Mother-Fucker,2460,1226,1149
mazzony_fci,2460,1067,1009
momen37,2467,1500,1410
rjsdtr,2467,1342,1254
AmiraliEsmaili,2467,1320,1232
HirokiARK,2467,1400,1311
Amr_Ayoub,2471,1250,1168
adi007,2471,1404,1315
Pasoddin,2471,1248,1167
mennayahia,2471,1500,1410
rania.alaa,2475,1500,1410
xuziye0327,2475,1549,1459
M.Rabie,2475,1397,1308
Acher,2475,1246,1165
codehead,2475,1061,1003
anishakd4,2475,1297,1209
priya42,2481,1321,1233
nkrajesh,2481,1583,1492
jainrajat,2481,1267,1182
_12345_,2484,1160,1090
Superleggera,2484,1397,1308
i_love_islam,2484,1415,1326
amitbd1508,2484,820,790
vitasoff,2488,1244,1163
taliawy,2488,1240,1159
Kezim,2490,1055,997
osad,2491,1182,1109
haml,2491,1500,1410
souravpaulkundu,2491,1057,998
puneeth_m,2491,1404,1315
hk13,2491,942,894
sens,2491,960,910
scarlet_firebolt_6056,2497,1072,1012
ssavi,2497,966,915
Abra_Stone,2499,1072,1011
Skinrock,2499,1500,1410
iGhost,2499,1500,1410
Valery_Ivanov,2499,1500,1410
ihimranih,2499,1423,1334
little_procyon,2504,1369,1280
Chelovek_,2505,1500,1410
poomrokc,2505,1369,1280
faruk,2507,1500,1410
Daytime,2507,1339,1251
PrateekIITR,2509,1500,1410
rafipritom,2510,1339,1251
thakkark1313,2510,1500,1410
gmsr120,2510,1423,1334
sonvu1999,2513,1314,1226
chernetsofff,2514,1500,1410
andy12138,2514,1500,1410
khorshed,2514,1339,1251
BorisBochkaryov,2517,1180,1106
Mahmoud_Hussein,2517,1400,1311
WeeiCv,2519,1314,1226
Vladimir_Mayakovsky,2519,1137,1068
Umnic,2521,1096,1032
sergey_2105,2522,1355,1267
Filletofish,2523,1500,1410
ahmed1597,2523,1423,1334
Mina_Nabil,2525,1500,1410
ashrakatmokhtar,2525,1500,1410
SherMarri,2525,1423,1334
sourrvvvyy,2525,1135,1066
boggdim,2525,1500,1410
martin_47,2530,1400,1311
Bong,2530,1397,1308
ss2,2530,1199,1122
Batman,2530,1401,1312
LackOfDream,2530,1500,1410
green-coder,2535,1239,1156
michaeltom,2535,1500,1410
alywael,2537,1500,1410
Oleg1209,2538,1369,1280
abdo,2539,1213,1134
wajid,2540,1041,981
ZzaizZ,2540,1220,1140
xyzer12,2540,1255,1170
MostafaG,2540,1303,1215
EasyPeasyLemonSqueezy,2544,1500,1410
shaky99,2545,1415,1326
vahdat-city,2545,1360,1271
varargs,2545,1500,1410
mordorm,2545,1500,1410
hussienmahmoud97,2549,1423,1334
ss447,2550,1233,1151
0xff,2550,1423,1334
ahmed.a,2550,1500,1410
saif_lesnar,2550,1030,971
kethansrinivas9,2554,1133,1063
HassanMohamed,2554,1279,1191
sander_ww,2556,1514,1424
laptop,2556,1240,1156
sajib_mbstu,2558,1061,999
dynil,2558,1300,1212
warezes,2560,1500,1410
priyanjitdey94,2560,1500,1410
figdan,2562,1500,1410
andy007,2563,1417,1328
Kristo,2563,1254,1168
eigenharsha,2565,1369,1280
MSolomon,2565,1045,984
johir_sec,2567,1500,1410
xzman,2567,1503,1413
raokartikkumar,2567,1109,1041
dincher,2570,1500,1410
sjha1074,2570,1500,1410
tanay.mathur4,2572,1423,1334
meghnagupta95,2573,1500,1410
tahasaber49,2574,1026,966
syedraihan,2575,1368,1279
o-0,2575,1321,1233
om7azal2oom,2577,1298,1210
menna.,2578,1423,1334
soniyakathaith,2579,1500,1410
se3dawe,2579,1423,1334
SKBS,2581,921,869
Jane1407084107,2581,1500,1410
light42,2583,1475,1385
sheri.mori,2584,1296,1208
bassem_codeforces,2585,1199,1120
I_love_cse,2586,829,782
fahim.ahmed,2587,1500,1410
enesozipek05,2588,1500,1410
DeeZL,2588,1306,1218
robinmbstu11,2590,1145,1072
Xrun,2590,1323,1235
frendina,2592,1500,1410
rundomari,2592,1500,1410
pavlukivan,2594,1409,1320
chaple_cse,2595,992,934
Morteza.j8,2596,1191,1112
akki045,2596,1500,1410
yamil_21,2598,1300,1212
manojkhannakm,2598,1417,1328
NataS,2600,1324,1236
AhmedCelep,2601,1500,1410
lincy_pattanaik,2602,1500,1410
codemice,2602,1434,1345
me.pritam2014,2604,1423,1334
Pujolsluis,2605,1417,1328
rifatarefin,2605,1042,979
Olegovich,2607,986,928
saurabh.kakar05,2608,1032,970
sreyans.nahata121,2608,1500,1410
Ahmed_Nasser11,2610,1171,1094
Gollam_rabby,2611,847,798
Russi,2612,1143,1070
surru,2613,1447,1358
nanf,2614,1345,1257
aliosama,2615,971,913
ilya_kas,2615,1308,1220
boring_gue,2617,954,898
ghosh_cseiu,2618,812,764
DarkShark,2619,1500,1410
mmrmfr,2620,1500,1410
shawon922,2621,1341,1253
m7md3ly,2621,1417,1328
-abrakadabra-,2623,1305,1217
Skilliard,2623,1399,1310
kk07,2623,1500,1410
TINMT.WHG,2623,1423,1334
hussein_96,2623,1177,1096
kornfire,2623,1423,1334
achilles8,2623,1500,1410
invisibl3,2623,1401,1312
yass-,2623,1146,1069
rafty,2623,855,801
fiddlesticks,2623,1415,1326
mate,2623,1325,1237
Dpman,2623,1416,1327
Menyawi,2623,1500,1410
vinkiss,2623,1154,1076
jeanfranc0,2623,1384,1295
hyggyh,2623,1263,1175
lab104_wangshuo,2623,1415,1326
Mkawrshy,2623,1500,1410
teudis,2623,1500,1410
DerBon,2623,1398,1309
L1nKin,2623,1025,960
MRITuhin,2623,1500,1410
Rajpurohit,2623,1290,1202
vbidare,2623,1466,1377
StanFRK,2623,1500,1410
Mir00r007,2623,1339,1251
VinchenZZo,2623,1500,1410
sameThingButYouLikeKofar,2623,1339,1251
asad_08,2623,1423,1334
IHaveInt,2623,1417,1328
iit2012127,2623,1333,1245
2014i,2623,1480,1390
Jetpack,2623,992,929
aliazam,2623,1500,1410
amitgoel,2623,1095,1023
HamedWBN1,2623,1260,1172
jack_sparow,2623,1653,1562
saraln,2623,1255,1167
Salama96,2623,1500,1410
dr.denis,2623,1474,1384
Xefrox,2623,1397,1308
killdko,2623,1500,1410
shib_li,2623,1246,1159
rocohunter900,2623,1433,1344
failfailure,2623,1500,1410
dallisaisreeram,2623,1024,959
hmchuong.1412060,2623,1330,1242
shrutiseth,2623,1278,1190
javaiu,2623,1051,984
Binaryman,2623,1423,1334
wwwwwww,2623,1427,1338
Sorinmocanu,2623,1423,1334
Mahadi07,2623,810,758
vijay_muni,2623,1299,1211
mahmoud.gemy18,2623,1284,1196
dayran,2623,1249,1161
Assassinboy,2623,1325,1237
pvkcse,2623,1308,1220
kj.1998,2623,1287,1199
Wal-e_e-d,2623,1070,1001
shanky1994,2623,1355,1267
rkm,2623,1406,1317
falko,2623,1080,1010
Makelska603,2623,1500,1410
Shahh,2623,1088,1017
HumbleAmir,2623,1087,1016
ErB,2623,1500,1410
sherifhasan,2623,1398,1309
AlexGabor,2623,1601,1510
Ahmed-Hassan,2623,1500,1410
KingOfWrongAnswer,2623,1327,1239
gooner,2623,1574,1484
Daytime_AWA,2623,1500,1410
ibrahimseckin,2623,1402,1313
abhijit_das,2623,1228,1141
elattar,2623,985,923
ylvis,2623,1393,1304
_HImu_,2623,1403,1314
Twaly,2623,1423,1334
hulloworld,2623,1399,1310
sd17,2623,1500,1410
waheed,2623,1415,1326
esraa_gamal,2623,1500,1410
Mir00r,2623,770,719
Hypnos5,2623,1423,1334
CF.Test,2623,1088,1017
NewbieYet,2623,1168,1088
megamob,2623,1500,1410
JarikLag,2623,1551,1461
Only_Me,2623,834,781
Abdelfattah3,2623,1500,1410
narendrak393,2623,1422,1333
c8h10n4o2,2623,1500,1410
Belal_CSEIU,2623,1405,1316
cupel,2623,1500,1410
ishahriyar,2623,1168,1088
Anul,2623,1500,1410
AboveWood,2623,1348,1260
imad2px,2623,1500,1410
Tahmid999,2623,1500,1410
_SectumSempra,2623,1500,1410
sorry_oncu,2623,1500,1410
mysskin,2623,1500,1410
defcfg,2623,1500,1410
MarkAdel,2623,1423,1334
Ripon63,2623,1500,1410
ash_ketchum,2623,1500,1410
source,2623,1122,1048
darkslom,2623,1500,1410
Basement,2623,1475,1385
slal_66,2623,1500,1410
mobasser,2623,1079,1009
gamalashraf,2623,1500,1410
HRT020808,2623,1500,1410
INUA,2623,1227,1140
agent48,2623,1339,1251
hasanmuradbuetcse,2623,1320,1232
sinkhole,2623,1445,1356
hawarhoo,2623,1424,1335
theoldmoon0602,2623,1500,1410
jk95,2623,1282,1194
ribragimov,2623,1500,1410
prerna.goyal,2623,1376,1287
rccroshan1,2623,1289,1201
killer025,2623,1224,1137
abozanona,2623,1500,1410
SINUS,2623,1257,1169
jhjjhj,2623,1271,1183
NouraArafa,2623,1500,1410
Moskaoud,2623,1206,1122
eng_amrmohamed,2623,1500,1410
Tareq_Prog,2755,1500,1410
saeed-a,2755,1244,1157
